codon1,codon2,cps
TTT,TTT,-0.136967
TTT,TTC,0.100553
TTT,TTA,0.121170
TTT,TTG,0.156903
TTT,TCT,0.075927
TTT,TCC,0.117451
TTT,TCA,0.164604
TTT,TCG,0.151193
TTT,TAT,0.043288
TTT,TAC,0.130723
TTT,TGT,0.046168
TTT,TGC,0.092524
TTT,TGG,0.124243
TTT,CTT,-0.223485
TTT,CTC,-0.132862
TTT,CTA,-0.046544
TTT,CTG,-0.191396
TTT,CCT,-0.015494
TTT,CCC,0.016616
TTT,CCA,-0.073134
TTT,CCG,-0.159885
TTT,CAT,-0.038249
TTT,CAC,0.006236
TTT,CAA,0.030534
TTT,CAG,-0.105138
TTT,CGT,-0.020432
TTT,CGC,0.156794
TTT,CGA,0.313278
TTT,CGG,0.269045
TTT,ATT,-0.095964
TTT,ATC,-0.000276
TTT,ATA,-0.010993
TTT,ATG,-0.020787
TTT,ACT,0.012303
TTT,ACC,0.064295
TTT,ACA,-0.050903
TTT,ACG,0.014044
TTT,AAT,-0.084950
TTT,AAC,-0.239420
TTT,AAA,-0.058173
TTT,AAG,-0.302277
TTT,AGT,-0.301440
TTT,AGC,-0.217431
TTT,AGA,-0.344715
TTT,AGG,-0.495761
TTT,GTT,0.051291
TTT,GTC,0.116848
TTT,GTA,0.086243
TTT,GTG,0.132177
TTT,GCT,0.147735
TTT,GCC,0.129966
TTT,GCA,0.202045
TTT,GCG,0.146654
TTT,GAT,0.088253
TTT,GAC,0.177393
TTT,GAA,0.157111
TTT,GAG,0.146183
TTT,GGT,0.084060
TTT,GGC,0.220888
TTT,GGA,0.188034
TTT,GGG,0.232897
TTC,TTT,0.216808
TTC,TTC,0.281196
TTC,TTA,-0.098966
TTC,TTG,0.062391
TTC,TCT,0.063665
TTC,TCC,0.128935
TTC,TCA,-0.139876
TTC,TCG,-0.363475
TTC,TAT,-0.143723
TTC,TAC,-0.010013
TTC,TGT,-0.055698
TTC,TGC,-0.081003
TTC,TGG,-0.264253
TTC,CTT,0.314600
TTC,CTC,0.217491
TTC,CTA,0.044065
TTC,CTG,-0.021798
TTC,CCT,0.240130
TTC,CCC,0.317141
TTC,CCA,0.061119
TTC,CCG,-0.005691
TTC,CAT,0.188810
TTC,CAC,0.071984
TTC,CAA,0.162519
TTC,CAG,-0.013012
TTC,CGT,0.431063
TTC,CGC,0.369034
TTC,CGA,0.000855
TTC,CGG,0.051391
TTC,ATT,0.229552
TTC,ATC,0.373253
TTC,ATA,0.030577
TTC,ATG,0.147222
TTC,ACT,0.096193
TTC,ACC,0.203841
TTC,ACA,0.014748
TTC,ACG,-0.005043
TTC,AAT,0.291902
TTC,AAC,0.471566
TTC,AAA,0.353616
TTC,AAG,0.393876
TTC,AGT,0.193722
TTC,AGC,0.074817
TTC,AGA,-0.278040
TTC,AGG,-0.218790
TTC,GTT,-0.122409
TTC,GTC,-0.076193
TTC,GTA,-0.166751
TTC,GTG,-0.088622
TTC,GCT,-0.432458
TTC,GCC,-0.358719
TTC,GCA,-0.392393
TTC,GCG,-0.417179
TTC,GAT,-0.234870
TTC,GAC,-0.219025
TTC,GAA,-0.416326
TTC,GAG,-0.317468
TTC,GGT,-0.246009
TTC,GGC,-0.391308
TTC,GGA,-0.591458
TTC,GGG,-0.497943
TTA,TTT,-0.057344
TTA,TTC,-0.148811
TTA,TTA,-0.061654
TTA,TTG,-0.202442
TTA,TCT,-0.133074
TTA,TCC,-0.094313
TTA,TCA,0.043988
TTA,TCG,0.179077
TTA,TAT,-0.184875
TTA,TAC,-0.021257
TTA,TGT,0.006745
TTA,TGC,-0.042180
TTA,TGG,0.192872
TTA,CTT,0.049259
TTA,CTC,0.128986
TTA,CTA,0.385752
TTA,CTG,0.405140
TTA,CCT,-0.068192
TTA,CCC,0.079070
TTA,CCA,0.263421
TTA,CCG,0.215145
TTA,CAT,-0.080516
TTA,CAC,0.027218
TTA,CAA,0.059096
TTA,CAG,0.223748
TTA,CGT,-0.241467
TTA,CGC,-0.034010
TTA,CGA,0.378749
TTA,CGG,0.290651
TTA,ATT,0.166752
TTA,ATC,0.028002
TTA,ATA,0.272474
TTA,ATG,0.135182
TTA,ACT,0.029951
TTA,ACC,-0.082375
TTA,ACA,0.110500
TTA,ACG,0.240709
TTA,AAT,0.150545
TTA,AAC,0.067706
TTA,AAA,0.198523
TTA,AAG,0.136503
TTA,AGT,0.201720
TTA,AGC,0.075883
TTA,AGA,0.032224
TTA,AGG,0.297127
TTA,GTT,-0.326264
TTA,GTC,-0.303810
TTA,GTA,0.021697
TTA,GTG,-0.095381
TTA,GCT,-0.091024
TTA,GCC,-0.144381
TTA,GCA,0.137821
TTA,GCG,0.008811
TTA,GAT,-0.099824
TTA,GAC,0.003576
TTA,GAA,-0.002864
TTA,GAG,0.088709
TTA,GGT,-0.288151
TTA,GGC,-0.088530
TTA,GGA,0.056638
TTA,GGG,0.145367
TTG,TTT,0.054470
TTG,TTC,-0.163291
TTG,TTA,-0.223974
TTG,TTG,-0.188588
TTG,TCT,-0.270493
TTG,TCC,-0.373225
TTG,TCA,-0.193535
TTG,TCG,-0.037532
TTG,TAT,0.008107
TTG,TAC,0.006965
TTG,TGT,-0.147612
TTG,TGC,-0.142689
TTG,TGG,-0.327002
TTG,CTT,0.130863
TTG,CTC,0.077673
TTG,CTA,0.220336
TTG,CTG,0.326912
TTG,CCT,-0.374586
TTG,CCC,-0.311233
TTG,CCA,-0.280058
TTG,CCG,-0.232523
TTG,CAT,0.101519
TTG,CAC,0.011873
TTG,CAA,-0.012961
TTG,CAG,-0.026282
TTG,CGT,-0.241515
TTG,CGC,-0.041360
TTG,CGA,-0.143652
TTG,CGG,-0.177788
TTG,ATT,-0.022199
TTG,ATC,-0.127961
TTG,ATA,-0.025053
TTG,ATG,0.139116
TTG,ACT,0.079343
TTG,ACC,0.031626
TTG,ACA,0.101926
TTG,ACG,0.174354
TTG,AAT,0.049419
TTG,AAC,0.149171
TTG,AAA,0.080677
TTG,AAG,0.241654
TTG,AGT,0.057292
TTG,AGC,0.035559
TTG,AGA,-0.014789
TTG,AGG,-0.019614
TTG,GTT,0.106975
TTG,GTC,-0.031503
TTG,GTA,0.279073
TTG,GTG,0.330185
TTG,GCT,0.115027
TTG,GCC,-0.044873
TTG,GCA,0.146798
TTG,GCG,0.127001
TTG,GAT,0.234883
TTG,GAC,0.146039
TTG,GAA,0.193014
TTG,GAG,0.196211
TTG,GGT,0.091816
TTG,GGC,0.073540
TTG,GGA,0.116174
TTG,GGG,0.039623
TCT,TTT,-0.069263
TCT,TTC,0.054930
TCT,TTA,0.258677
TCT,TTG,0.173181
TCT,TCT,0.269580
TCT,TCC,0.313115
TCT,TCA,0.205663
TCT,TCG,0.162755
TCT,TAT,0.001682
TCT,TAC,0.009532
TCT,TGT,0.053557
TCT,TGC,0.076950
TCT,TGG,0.067181
TCT,CTT,-0.023202
TCT,CTC,0.117110
TCT,CTA,-0.020036
TCT,CTG,-0.065817
TCT,CCT,0.237052
TCT,CCC,0.258307
TCT,CCA,0.163172
TCT,CCG,0.164432
TCT,CAT,0.123432
TCT,CAC,0.080788
TCT,CAA,0.154608
TCT,CAG,0.130020
TCT,CGT,0.267817
TCT,CGC,0.093380
TCT,CGA,0.225881
TCT,CGG,0.128542
TCT,ATT,-0.286034
TCT,ATC,-0.175867
TCT,ATA,-0.177547
TCT,ATG,-0.249547
TCT,ACT,0.011603
TCT,ACC,0.071408
TCT,ACA,-0.037039
TCT,ACG,-0.006201
TCT,AAT,-0.284550
TCT,AAC,-0.307099
TCT,AAA,-0.257973
TCT,AAG,-0.561261
TCT,AGT,-0.179457
TCT,AGC,-0.269917
TCT,AGA,-0.253411
TCT,AGG,-0.007224
TCT,GTT,0.045413
TCT,GTC,0.079593
TCT,GTA,0.099226
TCT,GTG,0.092345
TCT,GCT,0.232802
TCT,GCC,0.241952
TCT,GCA,0.027704
TCT,GCG,0.176493
TCT,GAT,-0.023260
TCT,GAC,0.010663
TCT,GAA,0.079592
TCT,GAG,-0.080495
TCT,GGT,0.218228
TCT,GGC,0.163351
TCT,GGA,0.044741
TCT,GGG,-0.046164
TCC,TTT,0.036130
TCC,TTC,0.118865
TCC,TTA,0.001615
TCC,TTG,0.021455
TCC,TCT,0.134501
TCC,TCC,0.226954
TCC,TCA,-0.054370
TCC,TCG,-0.074535
TCC,TAT,0.055103
TCC,TAC,-0.011353
TCC,TGT,-0.171380
TCC,TGC,-0.055093
TCC,TGG,-0.210777
TCC,CTT,-0.012713
TCC,CTC,-0.022318
TCC,CTA,-0.042997
TCC,CTG,-0.308232
TCC,CCT,-0.114915
TCC,CCC,-0.113013
TCC,CCA,-0.152656
TCC,CCG,-0.207006
TCC,CAT,-0.069687
TCC,CAC,-0.113550
TCC,CAA,0.012530
TCC,CAG,-0.080333
TCC,CGT,-0.186302
TCC,CGC,-0.464472
TCC,CGA,-0.319215
TCC,CGG,-0.289483
TCC,ATT,0.267867
TCC,ATC,0.470352
TCC,ATA,0.135705
TCC,ATG,0.166093
TCC,ACT,0.070169
TCC,ACC,0.166039
TCC,ACA,0.289832
TCC,ACG,-0.046273
TCC,AAT,0.276413
TCC,AAC,0.434905
TCC,AAA,0.279344
TCC,AAG,0.373330
TCC,AGT,-0.060640
TCC,AGC,0.013499
TCC,AGA,0.141865
TCC,AGG,-0.047465
TCC,GTT,-0.074265
TCC,GTC,0.024748
TCC,GTA,-0.120284
TCC,GTG,-0.316346
TCC,GCT,-0.299730
TCC,GCC,-0.281243
TCC,GCA,-0.355946
TCC,GCG,-0.399181
TCC,GAT,-0.046129
TCC,GAC,0.003910
TCC,GAA,-0.114994
TCC,GAG,-0.061579
TCC,GGT,-0.163304
TCC,GGC,-0.134235
TCC,GGA,-0.484290
TCC,GGG,-0.473926
TCA,TTT,0.101553
TCA,TTC,-0.019744
TCA,TTA,0.040030
TCA,TTG,-0.168949
TCA,TCT,-0.036954
TCA,TCC,-0.081185
TCA,TCA,-0.037497
TCA,TCG,-0.024648
TCA,TAT,-0.005741
TCA,TAC,-0.029827
TCA,TGT,-0.033431
TCA,TGC,0.005991
TCA,TGG,0.050580
TCA,CTT,-0.108577
TCA,CTC,-0.147704
TCA,CTA,-0.019477
TCA,CTG,-0.126452
TCA,CCT,-0.082892
TCA,CCC,-0.098383
TCA,CCA,0.152954
TCA,CCG,0.318674
TCA,CAT,-0.112461
TCA,CAC,-0.191430
TCA,CAA,-0.093901
TCA,CAG,-0.003398
TCA,CGT,-0.520850
TCA,CGC,-0.290341
TCA,CGA,-0.148151
TCA,CGG,0.017034
TCA,ATT,0.111663
TCA,ATC,0.059625
TCA,ATA,0.147628
TCA,ATG,0.160676
TCA,ACT,0.145639
TCA,ACC,-0.035794
TCA,ACA,0.075656
TCA,ACG,0.196176
TCA,AAT,0.262414
TCA,AAC,0.193928
TCA,AAA,0.314773
TCA,AAG,0.262423
TCA,AGT,0.063529
TCA,AGC,0.054295
TCA,AGA,0.367048
TCA,AGG,0.644470
TCA,GTT,-0.171164
TCA,GTC,-0.174240
TCA,GTA,-0.050389
TCA,GTG,-0.010031
TCA,GCT,-0.114612
TCA,GCC,-0.147527
TCA,GCA,0.125559
TCA,GCG,0.154625
TCA,GAT,-0.097893
TCA,GAC,-0.010550
TCA,GAA,0.087309
TCA,GAG,-0.009349
TCA,GGT,-0.434677
TCA,GGC,-0.155958
TCA,GGA,-0.013472
TCA,GGG,0.079093
TCG,TTT,0.341392
TCG,TTC,-0.129848
TCG,TTA,0.108069
TCG,TTG,0.089119
TCG,TCT,-0.086346
TCG,TCC,-0.334961
TCG,TCA,-0.232713
TCG,TCG,0.094052
TCG,TAT,0.152393
TCG,TAC,-0.241312
TCG,TGT,-0.230937
TCG,TGC,-0.412298
TCG,TGG,-0.209757
TCG,CTT,0.092416
TCG,CTC,-0.087668
TCG,CTA,0.127372
TCG,CTG,0.316790
TCG,CCT,-0.121500
TCG,CCC,-0.636235
TCG,CCA,-0.046241
TCG,CCG,0.143902
TCG,CAT,0.212286
TCG,CAC,0.031584
TCG,CAA,0.033989
TCG,CAG,0.102115
TCG,CGT,-0.397764
TCG,CGC,-0.333647
TCG,CGA,0.047238
TCG,CGG,0.201298
TCG,ATT,-0.089326
TCG,ATC,-0.244739
TCG,ATA,0.071612
TCG,ATG,0.053876
TCG,ACT,-0.033684
TCG,ACC,-0.330700
TCG,ACA,0.068744
TCG,ACG,0.099832
TCG,AAT,0.137827
TCG,AAC,-0.182528
TCG,AAA,0.229278
TCG,AAG,0.071176
TCG,AGT,-0.105690
TCG,AGC,-0.201869
TCG,AGA,0.328523
TCG,AGG,0.307876
TCG,GTT,0.023626
TCG,GTC,-0.054802
TCG,GTA,0.282350
TCG,GTG,0.380958
TCG,GCT,-0.038629
TCG,GCC,-0.331290
TCG,GCA,0.061187
TCG,GCG,0.163059
TCG,GAT,0.103036
TCG,GAC,0.111798
TCG,GAA,0.198457
TCG,GAG,0.042404
TCG,GGT,-0.162408
TCG,GGC,-0.174724
TCG,GGA,0.025255
TCG,GGG,0.223892
TAT,TTT,-0.112386
TAT,TTC,0.098071
TAT,TTA,0.189682
TAT,TTG,0.092978
TAT,TCT,0.021771
TAT,TCC,0.125811
TAT,TCA,0.159159
TAT,TCG,0.082558
TAT,TAT,0.003146
TAT,TAC,-0.031430
TAT,TGT,0.014639
TAT,TGC,0.023176
TAT,TGG,-0.049167
TAT,CTT,-0.018141
TAT,CTC,0.005380
TAT,CTA,0.025893
TAT,CTG,0.015064
TAT,CCT,0.135822
TAT,CCC,0.261678
TAT,CCA,0.173238
TAT,CCG,0.063072
TAT,CAT,0.040854
TAT,CAC,0.157654
TAT,CAA,0.063726
TAT,CAG,0.027486
TAT,CGT,0.182393
TAT,CGC,0.128893
TAT,CGA,0.258277
TAT,CGG,0.345967
TAT,ATT,-0.159440
TAT,ATC,-0.027422
TAT,ATA,-0.008628
TAT,ATG,-0.075965
TAT,ACT,-0.063175
TAT,ACC,0.008630
TAT,ACA,-0.055914
TAT,ACG,0.077885
TAT,AAT,-0.204845
TAT,AAC,-0.212969
TAT,AAA,-0.157118
TAT,AAG,-0.328158
TAT,AGT,-0.238831
TAT,AGC,-0.099460
TAT,AGA,-0.264560
TAT,AGG,-0.439606
TAT,GTT,0.131970
TAT,GTC,0.055233
TAT,GTA,0.084415
TAT,GTG,0.248513
TAT,GCT,0.142640
TAT,GCC,0.261365
TAT,GCA,0.150755
TAT,GCG,0.315479
TAT,GAT,0.021250
TAT,GAC,0.013306
TAT,GAA,0.088661
TAT,GAG,0.047319
TAT,GGT,0.103759
TAT,GGC,0.070767
TAT,GGA,0.220669
TAT,GGG,0.117593
TAC,TTT,0.171620
TAC,TTC,0.139826
TAC,TTA,-0.180821
TAC,TTG,0.042655
TAC,TCT,-0.035911
TAC,TCC,-0.101280
TAC,TCA,0.041426
TAC,TCG,0.060449
TAC,TAT,0.120271
TAC,TAC,0.053889
TAC,TGT,0.025736
TAC,TGC,0.090203
TAC,TGG,0.163581
TAC,CTT,-0.043670
TAC,CTC,-0.173215
TAC,CTA,0.000515
TAC,CTG,-0.128873
TAC,CCT,-0.302443
TAC,CCC,-0.383369
TAC,CCA,-0.207367
TAC,CCG,-0.262502
TAC,CAT,-0.058393
TAC,CAC,-0.073364
TAC,CAA,-0.028856
TAC,CAG,0.007854
TAC,CGT,-0.170773
TAC,CGC,-0.000066
TAC,CGA,-0.192480
TAC,CGG,-0.147989
TAC,ATT,0.239170
TAC,ATC,0.192382
TAC,ATA,0.246027
TAC,ATG,0.203473
TAC,ACT,0.060702
TAC,ACC,0.248224
TAC,ACA,0.152750
TAC,ACG,0.129482
TAC,AAT,0.290819
TAC,AAC,0.499853
TAC,AAA,0.389507
TAC,AAG,0.357355
TAC,AGT,0.203804
TAC,AGC,0.161659
TAC,AGA,0.267013
TAC,AGG,-0.144339
TAC,GTT,0.017844
TAC,GTC,-0.512706
TAC,GTA,-0.489034
TAC,GTG,-0.236061
TAC,GCT,-0.334015
TAC,GCC,-0.329246
TAC,GCA,-0.413131
TAC,GCG,-0.308914
TAC,GAT,0.061567
TAC,GAC,0.017269
TAC,GAA,-0.032324
TAC,GAG,-0.140147
TAC,GGT,-0.210042
TAC,GGC,-0.156222
TAC,GGA,-0.262798
TAC,GGG,-0.239495
TGT,TTT,-0.119295
TGT,TTC,-0.004660
TGT,TTA,0.145208
TGT,TTG,0.090977
TGT,TCT,-0.086348
TGT,TCC,0.031674
TGT,TCA,0.021696
TGT,TCG,-0.064083
TGT,TAT,0.022367
TGT,TAC,-0.179060
TGT,TGT,-0.024240
TGT,TGC,-0.079771
TGT,TGG,-0.024358
TGT,CTT,-0.034470
TGT,CTC,-0.088673
TGT,CTA,0.259126
TGT,CTG,-0.008888
TGT,CCT,-0.004789
TGT,CCC,0.063246
TGT,CCA,0.182842
TGT,CCG,0.150627
TGT,CAT,0.107639
TGT,CAC,-0.156692
TGT,CAA,-0.007864
TGT,CAG,0.080144
TGT,CGT,0.027860
TGT,CGC,0.177585
TGT,CGA,0.293242
TGT,CGG,0.330881
TGT,ATT,-0.171820
TGT,ATC,0.009504
TGT,ATA,0.080340
TGT,ATG,-0.023433
TGT,ACT,-0.023463
TGT,ACC,0.030700
TGT,ACA,0.062248
TGT,ACG,0.259156
TGT,AAT,-0.162571
TGT,AAC,-0.107216
TGT,AAA,-0.086707
TGT,AAG,-0.417079
TGT,AGT,-0.245496
TGT,AGC,-0.153810
TGT,AGA,-0.158535
TGT,AGG,-0.098756
TGT,GTT,0.109289
TGT,GTC,0.176330
TGT,GTA,0.238274
TGT,GTG,0.195710
TGT,GCT,0.185676
TGT,GCC,0.250707
TGT,GCA,0.224777
TGT,GCG,0.032885
TGT,GAT,0.141537
TGT,GAC,-0.076467
TGT,GAA,0.199324
TGT,GAG,0.040334
TGT,GGT,0.273275
TGT,GGC,-0.170535
TGT,GGA,0.189845
TGT,GGG,0.105165
TGC,TTT,0.223434
TGC,TTC,0.106617
TGC,TTA,0.071989
TGC,TTG,-0.095004
TGC,TCT,0.150110
TGC,TCC,0.266798
TGC,TCA,0.241764
TGC,TCG,0.117101
TGC,TAT,0.164848
TGC,TAC,0.079211
TGC,TGT,0.211897
TGC,TGC,0.009462
TGC,TGG,0.110845
TGC,CTT,-0.047546
TGC,CTC,-0.326431
TGC,CTA,-0.063863
TGC,CTG,-0.108169
TGC,CCT,0.008172
TGC,CCC,-0.143475
TGC,CCA,-0.180285
TGC,CCG,0.115582
TGC,CAT,0.135369
TGC,CAC,-0.421587
TGC,CAA,0.059256
TGC,CAG,0.017107
TGC,CGT,0.001371
TGC,CGC,0.020283
TGC,CGA,-0.215839
TGC,CGG,0.022684
TGC,ATT,0.165159
TGC,ATC,0.145475
TGC,ATA,0.220546
TGC,ATG,0.109560
TGC,ACT,-0.006735
TGC,ACC,0.079277
TGC,ACA,-0.032681
TGC,ACG,-0.053356
TGC,AAT,0.272057
TGC,AAC,0.231970
TGC,AAA,0.309479
TGC,AAG,0.323389
TGC,AGT,0.202865
TGC,AGC,0.034491
TGC,AGA,0.001463
TGC,AGG,-0.057589
TGC,GTT,-0.265573
TGC,GTC,-0.258576
TGC,GTA,-0.133985
TGC,GTG,-0.231438
TGC,GCT,-0.373457
TGC,GCC,-0.356386
TGC,GCA,-0.187594
TGC,GCG,-0.365161
TGC,GAT,-0.066061
TGC,GAC,-0.059558
TGC,GAA,-0.207990
TGC,GAG,-0.207163
TGC,GGT,-0.075524
TGC,GGC,-0.207185
TGC,GGA,-0.438774
TGC,GGG,-0.620115
TGG,TTT,0.067389
TGG,TTC,-0.074956
TGG,TTA,-0.154016
TGG,TTG,-0.283756
TGG,TCT,-0.031795
TGG,TCC,-0.171510
TGG,TCA,0.033728
TGG,TCG,0.069717
TGG,TAT,0.079936
TGG,TAC,-0.074493
TGG,TGT,0.072253
TGG,TGC,-0.044414
TGG,TGG,0.029365
TGG,CTT,0.276708
TGG,CTC,0.142267
TGG,CTA,0.228791
TGG,CTG,0.176109
TGG,CCT,0.074839
TGG,CCC,0.116762
TGG,CCA,-0.123306
TGG,CCG,0.052215
TGG,CAT,0.059157
TGG,CAC,-0.053178
TGG,CAA,-0.010768
TGG,CAG,0.123068
TGG,CGT,-0.254580
TGG,CGC,-0.148306
TGG,CGA,-0.316389
TGG,CGG,-0.227832
TGG,ATT,0.086914
TGG,ATC,-0.141483
TGG,ATA,0.021003
TGG,ATG,0.029365
TGG,ACT,0.045085
TGG,ACC,-0.095414
TGG,ACA,0.003483
TGG,ACG,0.199652
TGG,AAT,0.053606
TGG,AAC,-0.019513
TGG,AAA,0.070377
TGG,AAG,-0.043219
TGG,AGT,0.178858
TGG,AGC,0.147568
TGG,AGA,0.531306
TGG,AGG,0.080333
TGG,GTT,0.014197
TGG,GTC,-0.136905
TGG,GTA,0.132801
TGG,GTG,0.103228
TGG,GCT,0.058763
TGG,GCC,-0.008063
TGG,GCA,0.019786
TGG,GCG,-0.029173
TGG,GAT,0.050811
TGG,GAC,-0.024977
TGG,GAA,0.057622
TGG,GAG,-0.034318
TGG,GGT,0.001952
TGG,GGC,-0.156234
TGG,GGA,0.133697
TGG,GGG,0.069839
CTT,TTT,-0.066249
CTT,TTC,0.383240
CTT,TTA,0.220104
CTT,TTG,0.172536
CTT,TCT,0.279219
CTT,TCC,0.400638
CTT,TCA,0.342255
CTT,TCG,0.244082
CTT,TAT,0.101307
CTT,TAC,0.223733
CTT,TGT,0.209865
CTT,TGC,0.337530
CTT,TGG,0.157784
CTT,CTT,-0.058833
CTT,CTC,0.048031
CTT,CTA,-0.122697
CTT,CTG,-0.072890
CTT,CCT,0.411818
CTT,CCC,0.390948
CTT,CCA,0.237181
CTT,CCG,0.064527
CTT,CAT,0.130094
CTT,CAC,0.120807
CTT,CAA,0.081972
CTT,CAG,-0.012385
CTT,CGT,0.515465
CTT,CGC,0.414336
CTT,CGA,0.310305
CTT,CGG,0.235103
CTT,ATT,-0.221259
CTT,ATC,-0.230336
CTT,ATA,-0.248469
CTT,ATG,-0.286540
CTT,ACT,-0.048661
CTT,ACC,0.055992
CTT,ACA,-0.051612
CTT,ACG,-0.103752
CTT,AAT,-0.420561
CTT,AAC,-0.434871
CTT,AAA,-0.460556
CTT,AAG,-0.610696
CTT,AGT,-0.350399
CTT,AGC,-0.268308
CTT,AGA,-0.608217
CTT,AGG,-0.458916
CTT,GTT,0.047453
CTT,GTC,0.143975
CTT,GTA,0.115503
CTT,GTG,-0.053391
CTT,GCT,0.156454
CTT,GCC,0.097572
CTT,GCA,0.056027
CTT,GCG,-0.013711
CTT,GAT,-0.076574
CTT,GAC,0.049575
CTT,GAA,-0.069926
CTT,GAG,-0.086723
CTT,GGT,0.216493
CTT,GGC,0.197702
CTT,GGA,0.079624
CTT,GGG,0.016540
CTC,TTT,0.046736
CTC,TTC,0.237953
CTC,TTA,-0.238110
CTC,TTG,-0.123486
CTC,TCT,0.234504
CTC,TCC,0.153437
CTC,TCA,0.037011
CTC,TCG,0.046100
CTC,TAT,-0.151875
CTC,TAC,0.160400
CTC,TGT,-0.162780
CTC,TGC,-0.093572
CTC,TGG,-0.080813
CTC,CTT,-0.134507
CTC,CTC,-0.093995
CTC,CTA,-0.362040
CTC,CTG,-0.593801
CTC,CCT,-0.032808
CTC,CCC,-0.191800
CTC,CCA,-0.210588
CTC,CCG,-0.417497
CTC,CAT,-0.183655
CTC,CAC,-0.358017
CTC,CAA,-0.258983
CTC,CAG,-0.393751
CTC,CGT,0.005148
CTC,CGC,-0.144611
CTC,CGA,-0.400599
CTC,CGG,-0.086033
CTC,ATT,0.319941
CTC,ATC,0.468585
CTC,ATA,0.199349
CTC,ATG,0.079923
CTC,ACT,0.171729
CTC,ACC,0.242937
CTC,ACA,0.179922
CTC,ACG,-0.018422
CTC,AAT,0.285385
CTC,AAC,0.325958
CTC,AAA,0.276430
CTC,AAG,0.121446
CTC,AGT,0.295765
CTC,AGC,0.300522
CTC,AGA,-0.132295
CTC,AGG,-0.385122
CTC,GTT,0.143908
CTC,GTC,0.338439
CTC,GTA,0.125079
CTC,GTG,0.050254
CTC,GCT,-0.276627
CTC,GCC,-0.082825
CTC,GCA,-0.157481
CTC,GCG,-0.438728
CTC,GAT,0.041722
CTC,GAC,0.158443
CTC,GAA,-0.092279
CTC,GAG,-0.074505
CTC,GGT,0.132347
CTC,GGC,-0.306190
CTC,GGA,-0.330559
CTC,GGG,0.017498
CTA,TTT,0.067112
CTA,TTC,0.108879
CTA,TTA,0.055842
CTA,TTG,-0.210387
CTA,TCT,-0.099221
CTA,TCC,-0.155774
CTA,TCA,-0.004021
CTA,TCG,0.093442
CTA,TAT,0.076968
CTA,TAC,0.129648
CTA,TGT,0.065942
CTA,TGC,0.134119
CTA,TGG,0.182978
CTA,CTT,0.074198
CTA,CTC,0.057031
CTA,CTA,0.323761
CTA,CTG,0.274315
CTA,CCT,-0.087052
CTA,CCC,-0.157169
CTA,CCA,0.190514
CTA,CCG,0.092953
CTA,CAT,-0.006506
CTA,CAC,0.077698
CTA,CAA,0.026489
CTA,CAG,0.216852
CTA,CGT,-0.224627
CTA,CGC,0.051685
CTA,CGA,0.258805
CTA,CGG,0.141363
CTA,ATT,0.179548
CTA,ATC,0.053746
CTA,ATA,0.237011
CTA,ATG,0.122128
CTA,ACT,-0.142007
CTA,ACC,-0.253879
CTA,ACA,-0.038893
CTA,ACG,0.075880
CTA,AAT,0.161471
CTA,AAC,0.213897
CTA,AAA,0.190369
CTA,AAG,0.012756
CTA,AGT,0.124568
CTA,AGC,0.030957
CTA,AGA,0.016217
CTA,AGG,0.260929
CTA,GTT,-0.097320
CTA,GTC,-0.120651
CTA,GTA,0.164503
CTA,GTG,0.222387
CTA,GCT,-0.128805
CTA,GCC,-0.231998
CTA,GCA,0.186127
CTA,GCG,0.175061
CTA,GAT,-0.191659
CTA,GAC,-0.264903
CTA,GAA,-0.095050
CTA,GAG,0.029190
CTA,GGT,-0.248668
CTA,GGC,-0.120596
CTA,GGA,0.135309
CTA,GGG,0.122407
CTG,TTT,0.249672
CTG,TTC,0.043230
CTG,TTA,0.062016
CTG,TTG,0.024964
CTG,TCT,-0.209036
CTG,TCC,-0.401260
CTG,TCA,0.066787
CTG,TCG,0.087190
CTG,TAT,0.189468
CTG,TAC,0.164768
CTG,TGT,-0.064261
CTG,TGC,-0.306369
CTG,TGG,-0.268944
CTG,CTT,0.109206
CTG,CTC,-0.086130
CTG,CTA,0.305814
CTG,CTG,0.474525
CTG,CCT,-0.410968
CTG,CCC,-0.595615
CTG,CCA,-0.173117
CTG,CCG,-0.061872
CTG,CAT,0.039425
CTG,CAC,0.000230
CTG,CAA,-0.043135
CTG,CAG,0.043259
CTG,CGT,-0.551824
CTG,CGC,-0.124953
CTG,CGA,-0.015692
CTG,CGG,0.011873
CTG,ATT,-0.015113
CTG,ATC,-0.110749
CTG,ATA,0.034562
CTG,ATG,-0.002795
CTG,ACT,-0.063661
CTG,ACC,-0.334651
CTG,ACA,0.053947
CTG,ACG,-0.083503
CTG,AAT,0.145833
CTG,AAC,0.390252
CTG,AAA,0.193401
CTG,AAG,0.117493
CTG,AGT,0.030637
CTG,AGC,-0.083170
CTG,AGA,0.075201
CTG,AGG,0.116046
CTG,GTT,0.063644
CTG,GTC,-0.039857
CTG,GTA,0.132228
CTG,GTG,0.324218
CTG,GCT,-0.050125
CTG,GCC,-0.091833
CTG,GCA,0.104629
CTG,GCG,0.094874
CTG,GAT,0.185728
CTG,GAC,0.106967
CTG,GAA,-0.022830
CTG,GAG,0.021115
CTG,GGT,-0.164615
CTG,GGC,-0.029710
CTG,GGA,0.027733
CTG,GGG,0.180589
CCT,TTT,-0.150898
CCT,TTC,0.075753
CCT,TTA,0.253035
CCT,TTG,0.220640
CCT,TCT,0.233657
CCT,TCC,0.198591
CCT,TCA,0.241626
CCT,TCG,0.125965
CCT,TAT,0.019195
CCT,TAC,0.109495
CCT,TGT,0.300797
CCT,TGC,0.132184
CCT,TGG,0.121599
CCT,CTT,-0.039033
CCT,CTC,-0.053693
CCT,CTA,-0.036208
CCT,CTG,-0.062264
CCT,CCT,0.331574
CCT,CCC,0.090415
CCT,CCA,0.117115
CCT,CCG,0.067228
CCT,CAT,0.152150
CCT,CAC,0.134586
CCT,CAA,0.186977
CCT,CAG,0.109999
CCT,CGT,0.321736
CCT,CGC,0.089493
CCT,CGA,0.108708
CCT,CGG,-0.150208
CCT,ATT,-0.204562
CCT,ATC,-0.101177
CCT,ATA,-0.147615
CCT,ATG,-0.202534
CCT,ACT,0.065484
CCT,ACC,0.076861
CCT,ACA,-0.133334
CCT,ACG,-0.046909
CCT,AAT,-0.229665
CCT,AAC,-0.331497
CCT,AAA,-0.270606
CCT,AAG,-0.523469
CCT,AGT,-0.249217
CCT,AGC,-0.284879
CCT,AGA,-0.001353
CCT,AGG,-0.179616
CCT,GTT,0.017949
CCT,GTC,0.089725
CCT,GTA,0.105747
CCT,GTG,-0.103246
CCT,GCT,0.210373
CCT,GCC,0.147346
CCT,GCA,0.067877
CCT,GCG,-0.008191
CCT,GAT,0.030202
CCT,GAC,-0.005173
CCT,GAA,0.040294
CCT,GAG,-0.151652
CCT,GGT,0.214019
CCT,GGC,0.171978
CCT,GGA,0.110177
CCT,GGG,0.020954
CCC,TTT,-0.148366
CCC,TTC,0.092076
CCC,TTA,-0.078785
CCC,TTG,-0.003376
CCC,TCT,0.042915
CCC,TCC,0.007387
CCC,TCA,-0.156485
CCC,TCG,-0.158356
CCC,TAT,-0.146967
CCC,TAC,-0.201930
CCC,TGT,0.071493
CCC,TGC,-0.747082
CCC,TGG,-0.238691
CCC,CTT,-0.174745
CCC,CTC,-0.400576
CCC,CTA,-0.580793
CCC,CTG,-0.848693
CCC,CCT,-0.261785
CCC,CCC,-0.836086
CCC,CCA,-0.243444
CCC,CCG,-0.263599
CCC,CAT,0.048766
CCC,CAC,-0.312287
CCC,CAA,-0.072993
CCC,CAG,-0.000988
CCC,CGT,-0.110693
CCC,CGC,-0.637951
CCC,CGA,-0.227219
CCC,CGG,-0.485776
CCC,ATT,0.342921
CCC,ATC,0.543973
CCC,ATA,0.118173
CCC,ATG,0.329150
CCC,ACT,0.250070
CCC,ACC,0.188776
CCC,ACA,-0.087809
CCC,ACG,-0.214206
CCC,AAT,0.263813
CCC,AAC,0.456542
CCC,AAA,0.360586
CCC,AAG,0.493306
CCC,AGT,0.063548
CCC,AGC,0.039210
CCC,AGA,0.279094
CCC,AGG,-0.003001
CCC,GTT,0.060428
CCC,GTC,0.114615
CCC,GTA,-0.033628
CCC,GTG,-0.289193
CCC,GCT,-0.157094
CCC,GCC,-0.270553
CCC,GCA,-0.464031
CCC,GCG,-0.608003
CCC,GAT,0.133266
CCC,GAC,0.040860
CCC,GAA,0.039565
CCC,GAG,0.054394
CCC,GGT,0.067749
CCC,GGC,-0.159549
CCC,GGA,-0.388142
CCC,GGG,-0.564078
CCA,TTT,0.169834
CCA,TTC,0.113909
CCA,TTA,0.054667
CCA,TTG,0.013102
CCA,TCT,-0.041082
CCA,TCC,-0.039948
CCA,TCA,-0.014875
CCA,TCG,0.039419
CCA,TAT,0.057810
CCA,TAC,0.039049
CCA,TGT,-0.249668
CCA,TGC,-0.080802
CCA,TGG,0.127917
CCA,CTT,-0.186067
CCA,CTC,-0.200051
CCA,CTA,-0.257101
CCA,CTG,-0.049737
CCA,CCT,-0.101333
CCA,CCC,-0.311653
CCA,CCA,0.032011
CCA,CCG,0.228289
CCA,CAT,-0.157438
CCA,CAC,-0.203559
CCA,CAA,-0.205515
CCA,CAG,-0.052168
CCA,CGT,-0.543010
CCA,CGC,-0.433277
CCA,CGA,-0.258100
CCA,CGG,-0.019632
CCA,ATT,0.273952
CCA,ATC,-0.152251
CCA,ATA,-0.069865
CCA,ATG,0.106390
CCA,ACT,0.036064
CCA,ACC,-0.123278
CCA,ACA,0.051371
CCA,ACG,0.159471
CCA,AAT,0.250823
CCA,AAC,0.119592
CCA,AAA,0.211766
CCA,AAG,0.250461
CCA,AGT,-0.015245
CCA,AGC,0.026868
CCA,AGA,0.362797
CCA,AGG,0.677611
CCA,GTT,-0.116471
CCA,GTC,-0.102510
CCA,GTA,0.180204
CCA,GTG,0.153334
CCA,GCT,-0.000329
CCA,GCC,-0.253573
CCA,GCA,0.093319
CCA,GCG,0.257905
CCA,GAT,-0.037697
CCA,GAC,-0.112080
CCA,GAA,0.012863
CCA,GAG,0.117814
CCA,GGT,-0.088177
CCA,GGC,-0.111474
CCA,GGA,0.071292
CCA,GGG,0.002429
CCG,TTT,0.345884
CCG,TTC,0.080897
CCG,TTA,0.283549
CCG,TTG,0.140297
CCG,TCT,-0.090006
CCG,TCC,-0.310858
CCG,TCA,-0.205275
CCG,TCG,-0.059669
CCG,TAT,0.177814
CCG,TAC,0.124603
CCG,TGT,-0.036187
CCG,TGC,-0.708539
CCG,TGG,-0.368789
CCG,CTT,0.083494
CCG,CTC,-0.148691
CCG,CTA,0.422761
CCG,CTG,0.372849
CCG,CCT,-0.219899
CCG,CCC,-0.454654
CCG,CCA,-0.032437
CCG,CCG,0.122620
CCG,CAT,0.075447
CCG,CAC,0.047719
CCG,CAA,-0.019757
CCG,CAG,-0.064010
CCG,CGT,-0.441062
CCG,CGC,-0.727395
CCG,CGA,-0.096497
CCG,CGG,-0.238606
CCG,ATT,-0.136962
CCG,ATC,-0.207216
CCG,ATA,0.214278
CCG,ATG,0.152190
CCG,ACT,0.023635
CCG,ACC,-0.259138
CCG,ACA,0.130618
CCG,ACG,0.002955
CCG,AAT,0.163465
CCG,AAC,-0.242503
CCG,AAA,0.152285
CCG,AAG,0.005295
CCG,AGT,-0.232698
CCG,AGC,-0.586851
CCG,AGA,0.201287
CCG,AGG,0.239338
CCG,GTT,0.050465
CCG,GTC,-0.132991
CCG,GTA,0.338528
CCG,GTG,0.322428
CCG,GCT,-0.035493
CCG,GCC,-0.329126
CCG,GCA,0.059707
CCG,GCG,0.252909
CCG,GAT,0.174673
CCG,GAC,0.119079
CCG,GAA,0.226367
CCG,GAG,-0.029100
CCG,GGT,-0.366002
CCG,GGC,-0.182012
CCG,GGA,-0.007676
CCG,GGG,-0.081751
CAT,TTT,-0.017748
CAT,TTC,0.173891
CAT,TTA,0.158605
CAT,TTG,0.166338
CAT,TCT,0.096313
CAT,TCC,0.110145
CAT,TCA,0.218795
CAT,TCG,0.039729
CAT,TAT,0.073999
CAT,TAC,0.054225
CAT,TGT,-0.028426
CAT,TGC,0.123972
CAT,TGG,0.058768
CAT,CTT,0.008801
CAT,CTC,0.099457
CAT,CTA,-0.183210
CAT,CTG,-0.083890
CAT,CCT,0.065054
CAT,CCC,0.110417
CAT,CCA,0.137336
CAT,CCG,0.048251
CAT,CAT,-0.026652
CAT,CAC,0.140893
CAT,CAA,0.086509
CAT,CAG,-0.002969
CAT,CGT,0.207985
CAT,CGC,0.185372
CAT,CGA,0.151000
CAT,CGG,0.034747
CAT,ATT,-0.125883
CAT,ATC,0.011994
CAT,ATA,-0.007385
CAT,ATG,-0.104316
CAT,ACT,-0.101502
CAT,ACC,0.071512
CAT,ACA,-0.017332
CAT,ACG,0.045115
CAT,AAT,-0.141552
CAT,AAC,-0.045243
CAT,AAA,-0.045925
CAT,AAG,-0.370497
CAT,AGT,-0.343901
CAT,AGC,-0.246947
CAT,AGA,-0.251004
CAT,AGG,-0.396414
CAT,GTT,0.077957
CAT,GTC,0.128212
CAT,GTA,0.065598
CAT,GTG,-0.067657
CAT,GCT,0.124005
CAT,GCC,0.212120
CAT,GCA,0.113069
CAT,GCG,0.200377
CAT,GAT,-0.000315
CAT,GAC,-0.060561
CAT,GAA,0.092364
CAT,GAG,-0.007112
CAT,GGT,0.007573
CAT,GGC,0.187019
CAT,GGA,0.129136
CAT,GGG,0.217884
CAC,TTT,0.026526
CAC,TTC,-0.066983
CAC,TTA,-0.261492
CAC,TTG,0.081333
CAC,TCT,0.073290
CAC,TCC,0.083998
CAC,TCA,-0.083754
CAC,TCG,-0.008342
CAC,TAT,-0.084869
CAC,TAC,-0.063056
CAC,TGT,-0.016757
CAC,TGC,0.080050
CAC,TGG,-0.052054
CAC,CTT,-0.138480
CAC,CTC,-0.131450
CAC,CTA,-0.024333
CAC,CTG,-0.275643
CAC,CCT,-0.168743
CAC,CCC,-0.223654
CAC,CCA,-0.153389
CAC,CCG,0.004838
CAC,CAT,0.074504
CAC,CAC,-0.028066
CAC,CAA,-0.056414
CAC,CAG,-0.071953
CAC,CGT,0.071623
CAC,CGC,-0.304027
CAC,CGA,-0.165567
CAC,CGG,0.098832
CAC,ATT,0.188908
CAC,ATC,0.349396
CAC,ATA,0.299100
CAC,ATG,0.313070
CAC,ACT,0.186419
CAC,ACC,0.152442
CAC,ACA,0.099424
CAC,ACG,0.211585
CAC,AAT,0.332495
CAC,AAC,0.292553
CAC,AAA,0.401174
CAC,AAG,0.386583
CAC,AGT,0.068620
CAC,AGC,-0.050280
CAC,AGA,0.127813
CAC,AGG,0.034439
CAC,GTT,-0.020430
CAC,GTC,-0.035770
CAC,GTA,-0.117928
CAC,GTG,-0.236318
CAC,GCT,-0.366185
CAC,GCC,-0.395844
CAC,GCA,-0.313637
CAC,GCG,-0.350398
CAC,GAT,0.171021
CAC,GAC,0.069920
CAC,GAA,-0.098504
CAC,GAG,0.014380
CAC,GGT,-0.169415
CAC,GGC,-0.131585
CAC,GGA,-0.207318
CAC,GGG,-0.236608
CAA,TTT,-0.023341
CAA,TTC,-0.049076
CAA,TTA,-0.168269
CAA,TTG,-0.222257
CAA,TCT,-0.118246
CAA,TCC,0.053087
CAA,TCA,-0.063160
CAA,TCG,0.044516
CAA,TAT,-0.107766
CAA,TAC,0.008251
CAA,TGT,0.012590
CAA,TGC,0.118468
CAA,TGG,0.100105
CAA,CTT,-0.056029
CAA,CTC,0.017058
CAA,CTA,0.099144
CAA,CTG,0.181248
CAA,CCT,-0.099600
CAA,CCC,0.010321
CAA,CCA,-0.010758
CAA,CCG,0.105227
CAA,CAT,-0.194127
CAA,CAC,-0.042178
CAA,CAA,-0.159475
CAA,CAG,-0.100132
CAA,CGT,-0.224387
CAA,CGC,-0.125041
CAA,CGA,-0.120006
CAA,CGG,-0.099740
CAA,ATT,0.100670
CAA,ATC,0.155621
CAA,ATA,0.206695
CAA,ATG,0.134684
CAA,ACT,0.044180
CAA,ACC,0.066184
CAA,ACA,0.223101
CAA,ACG,0.245764
CAA,AAT,0.117407
CAA,AAC,0.176834
CAA,AAA,-0.008699
CAA,AAG,0.163727
CAA,AGT,0.258008
CAA,AGC,0.323590
CAA,AGA,0.279109
CAA,AGG,0.368340
CAA,GTT,0.000242
CAA,GTC,0.069020
CAA,GTA,0.108631
CAA,GTG,0.058438
CAA,GCT,0.037555
CAA,GCC,-0.007988
CAA,GCA,0.143706
CAA,GCG,0.193491
CAA,GAT,0.009220
CAA,GAC,0.066762
CAA,GAA,0.022874
CAA,GAG,0.039520
CAA,GGT,-0.027605
CAA,GGC,0.090231
CAA,GGA,0.215437
CAA,GGG,0.246760
CAG,TTT,0.236358
CAG,TTC,-0.044804
CAG,TTA,0.056683
CAG,TTG,0.056861
CAG,TCT,-0.018622
CAG,TCC,-0.137197
CAG,TCA,0.055605
CAG,TCG,0.191876
CAG,TAT,0.276611
CAG,TAC,0.149475
CAG,TGT,0.012549
CAG,TGC,-0.119138
CAG,TGG,-0.172810
CAG,CTT,0.388226
CAG,CTC,0.199084
CAG,CTA,0.620838
CAG,CTG,0.641196
CAG,CCT,0.124180
CAG,CCC,0.066968
CAG,CCA,0.230851
CAG,CCG,0.367162
CAG,CAT,0.392347
CAG,CAC,0.319460
CAG,CAA,0.357120
CAG,CAG,0.372096
CAG,CGT,0.057503
CAG,CGC,0.056266
CAG,CGA,0.013842
CAG,CGG,0.182242
CAG,ATT,-0.280234
CAG,ATC,-0.503802
CAG,ATA,-0.208249
CAG,ATG,-0.295651
CAG,ACT,-0.307007
CAG,ACC,-0.346485
CAG,ACA,-0.146483
CAG,ACG,-0.204315
CAG,AAT,-0.282221
CAG,AAC,-0.361680
CAG,AAA,-0.028037
CAG,AAG,-0.087122
CAG,AGT,-0.044852
CAG,AGC,-0.173433
CAG,AGA,0.085598
CAG,AGG,-0.123454
CAG,GTT,-0.004349
CAG,GTC,-0.148086
CAG,GTA,-0.087239
CAG,GTG,0.225086
CAG,GCT,-0.168858
CAG,GCC,-0.268740
CAG,GCA,0.088301
CAG,GCG,0.079649
CAG,GAT,0.099277
CAG,GAC,-0.133446
CAG,GAA,0.048648
CAG,GAG,-0.003787
CAG,GGT,-0.326305
CAG,GGC,-0.144273
CAG,GGA,-0.057964
CAG,GGG,-0.096719
CGT,TTT,-0.332711
CGT,TTC,0.117226
CGT,TTA,0.135182
CGT,TTG,0.043853
CGT,TCT,0.114564
CGT,TCC,-0.046786
CGT,TCA,-0.013625
CGT,TCG,-0.187236
CGT,TAT,0.062403
CGT,TAC,-0.002595
CGT,TGT,0.079203
CGT,TGC,-0.116268
CGT,TGG,0.051868
CGT,CTT,0.194508
CGT,CTC,0.274575
CGT,CTA,-0.025792
CGT,CTG,-0.076283
CGT,CCT,0.210894
CGT,CCC,0.106379
CGT,CCA,-0.020205
CGT,CCG,-0.124855
CGT,CAT,-0.218189
CGT,CAC,0.066194
CGT,CAA,0.118178
CGT,CAG,-0.253345
CGT,CGT,0.345645
CGT,CGC,0.160108
CGT,CGA,0.032474
CGT,CGG,0.060845
CGT,ATT,-0.068179
CGT,ATC,0.141999
CGT,ATA,-0.124144
CGT,ATG,-0.096788
CGT,ACT,0.057628
CGT,ACC,0.191302
CGT,ACA,0.096432
CGT,ACG,-0.247901
CGT,AAT,-0.537769
CGT,AAC,-0.276633
CGT,AAA,-0.378860
CGT,AAG,-0.455117
CGT,AGT,-0.152599
CGT,AGC,-0.245047
CGT,AGA,-0.399540
CGT,AGG,-0.668197
CGT,GTT,0.262335
CGT,GTC,0.338501
CGT,GTA,0.221305
CGT,GTG,-0.018739
CGT,GCT,0.334558
CGT,GCC,0.335889
CGT,GCA,0.096193
CGT,GCG,0.070749
CGT,GAT,0.129906
CGT,GAC,-0.011559
CGT,GAA,0.175277
CGT,GAG,0.114952
CGT,GGT,0.556450
CGT,GGC,0.145104
CGT,GGA,0.250483
CGT,GGG,-0.174492
CGC,TTT,0.120478
CGC,TTC,0.202545
CGC,TTA,-0.051206
CGC,TTG,-0.047545
CGC,TCT,0.434198
CGC,TCC,0.296013
CGC,TCA,0.281798
CGC,TCG,-0.063481
CGC,TAT,0.252770
CGC,TAC,0.253904
CGC,TGT,0.405676
CGC,TGC,0.240928
CGC,TGG,0.404396
CGC,CTT,0.095929
CGC,CTC,-0.286559
CGC,CTA,-0.248310
CGC,CTG,-0.214723
CGC,CCT,0.096962
CGC,CCC,-0.227843
CGC,CCA,0.053519
CGC,CCG,-0.205770
CGC,CAT,0.280018
CGC,CAC,-0.704450
CGC,CAA,0.150646
CGC,CAG,0.197316
CGC,CGT,0.226298
CGC,CGC,-0.035325
CGC,CGA,-0.109737
CGC,CGG,0.040714
CGC,ATT,0.083351
CGC,ATC,0.140871
CGC,ATA,-0.034435
CGC,ATG,0.103761
CGC,ACT,-0.023448
CGC,ACC,0.088056
CGC,ACA,0.020588
CGC,ACG,-0.078319
CGC,AAT,-0.055699
CGC,AAC,-0.059227
CGC,AAA,-0.040034
CGC,AAG,0.096759
CGC,AGT,0.164130
CGC,AGC,0.227110
CGC,AGA,-0.082033
CGC,AGG,-0.403823
CGC,GTT,-0.102512
CGC,GTC,-0.080124
CGC,GTA,-0.024742
CGC,GTG,-0.179244
CGC,GCT,-0.164046
CGC,GCC,-0.273508
CGC,GCA,-0.173420
CGC,GCG,-0.134526
CGC,GAT,-0.007595
CGC,GAC,-0.187534
CGC,GAA,-0.110498
CGC,GAG,-0.306938
CGC,GGT,-0.022839
CGC,GGC,-0.221898
CGC,GGA,-0.441415
CGC,GGG,-0.612930
CGA,TTT,0.123430
CGA,TTC,0.146434
CGA,TTA,-0.055088
CGA,TTG,-0.119176
CGA,TCT,-0.230658
CGA,TCC,-0.065076
CGA,TCA,0.009857
CGA,TCG,0.050707
CGA,TAT,0.053561
CGA,TAC,-0.042918
CGA,TGT,-0.163832
CGA,TGC,0.177712
CGA,TGG,-0.008555
CGA,CTT,0.120069
CGA,CTC,-0.177811
CGA,CTA,0.157946
CGA,CTG,0.185935
CGA,CCT,0.023595
CGA,CCC,-0.043252
CGA,CCA,0.194547
CGA,CCG,0.154164
CGA,CAT,0.027993
CGA,CAC,0.118984
CGA,CAA,0.088391
CGA,CAG,-0.011566
CGA,CGT,-0.551255
CGA,CGC,-0.140158
CGA,CGA,0.021087
CGA,CGG,-0.156760
CGA,ATT,0.146058
CGA,ATC,-0.126347
CGA,ATA,-0.024491
CGA,ATG,0.178958
CGA,ACT,-0.069643
CGA,ACC,-0.205618
CGA,ACA,0.065322
CGA,ACG,0.138291
CGA,AAT,0.251808
CGA,AAC,0.177867
CGA,AAA,0.151720
CGA,AAG,0.051989
CGA,AGT,0.304389
CGA,AGC,0.307272
CGA,AGA,0.357791
CGA,AGG,0.417172
CGA,GTT,-0.059952
CGA,GTC,-0.235622
CGA,GTA,0.233649
CGA,GTG,0.171449
CGA,GCT,-0.239756
CGA,GCC,-0.342183
CGA,GCA,0.143939
CGA,GCG,0.093301
CGA,GAT,-0.082870
CGA,GAC,-0.144504
CGA,GAA,-0.044308
CGA,GAG,0.042617
CGA,GGT,-0.317083
CGA,GGC,-0.042402
CGA,GGA,-0.056456
CGA,GGG,-0.034312
CGG,TTT,0.528224
CGG,TTC,0.066800
CGG,TTA,0.216527
CGG,TTG,0.118670
CGG,TCT,-0.072878
CGG,TCC,-0.111938
CGG,TCA,0.263327
CGG,TCG,0.353276
CGG,TAT,0.209944
CGG,TAC,-0.046751
CGG,TGT,0.160546
CGG,TGC,-0.457535
CGG,TGG,-0.001193
CGG,CTT,0.145175
CGG,CTC,-0.164758
CGG,CTA,0.522031
CGG,CTG,0.189398
CGG,CCT,-0.065601
CGG,CCC,-0.165226
CGG,CCA,0.063869
CGG,CCG,0.096092
CGG,CAT,0.264638
CGG,CAC,0.069543
CGG,CAA,0.075069
CGG,CAG,0.218722
CGG,CGT,-0.486307
CGG,CGC,-0.470111
CGG,CGA,-0.097483
CGG,CGG,0.488178
CGG,ATT,-0.102993
CGG,ATC,-0.506167
CGG,ATA,0.237625
CGG,ATG,0.036877
CGG,ACT,-0.066846
CGG,ACC,-0.760599
CGG,ACA,0.091542
CGG,ACG,0.307532
CGG,AAT,-0.026280
CGG,AAC,-0.453145
CGG,AAA,0.149026
CGG,AAG,-0.070683
CGG,AGT,-0.359253
CGG,AGC,-0.275823
CGG,AGA,0.148091
CGG,AGG,-0.096094
CGG,GTT,-0.004357
CGG,GTC,-0.275925
CGG,GTA,0.066274
CGG,GTG,0.371645
CGG,GCT,-0.240857
CGG,GCC,-0.364164
CGG,GCA,-0.041984
CGG,GCG,0.385119
CGG,GAT,0.007432
CGG,GAC,0.111163
CGG,GAA,0.010289
CGG,GAG,-0.064958
CGG,GGT,-0.306440
CGG,GGC,-0.574515
CGG,GGA,-0.118385
CGG,GGG,0.226613
ATT,TTT,-0.151656
ATT,TTC,0.151853
ATT,TTA,0.183967
ATT,TTG,0.124991
ATT,TCT,0.033262
ATT,TCC,0.128499
ATT,TCA,0.076844
ATT,TCG,0.047602
ATT,TAT,-0.039024
ATT,TAC,0.084654
ATT,TGT,-0.018046
ATT,TGC,0.107069
ATT,TGG,0.059252
ATT,CTT,-0.081840
ATT,CTC,0.072378
ATT,CTA,-0.165610
ATT,CTG,-0.296808
ATT,CCT,0.109790
ATT,CCC,0.205167
ATT,CCA,0.019514
ATT,CCG,-0.107909
ATT,CAT,0.064108
ATT,CAC,0.227112
ATT,CAA,0.087562
ATT,CAG,0.028037
ATT,CGT,0.346605
ATT,CGC,0.334050
ATT,CGA,0.268432
ATT,CGG,0.234930
ATT,ATT,-0.151430
ATT,ATC,-0.050383
ATT,ATA,-0.067895
ATT,ATG,-0.096443
ATT,ACT,0.118031
ATT,ACC,0.030884
ATT,ACA,-0.118719
ATT,ACG,-0.262404
ATT,AAT,-0.223085
ATT,AAC,-0.237615
ATT,AAA,-0.213755
ATT,AAG,-0.317092
ATT,AGT,-0.291079
ATT,AGC,-0.216505
ATT,AGA,-0.468549
ATT,AGG,-0.496909
ATT,GTT,0.079828
ATT,GTC,0.179823
ATT,GTA,0.086008
ATT,GTG,0.052280
ATT,GCT,0.203268
ATT,GCC,0.159054
ATT,GCA,0.085835
ATT,GCG,0.111684
ATT,GAT,0.086152
ATT,GAC,0.169703
ATT,GAA,0.115551
ATT,GAG,0.164990
ATT,GGT,0.136113
ATT,GGC,0.242394
ATT,GGA,0.138943
ATT,GGG,0.171156
ATC,TTT,-0.128589
ATC,TTC,-0.113823
ATC,TTA,-0.304676
ATC,TTG,-0.336927
ATC,TCT,-0.147820
ATC,TCC,-0.052863
ATC,TCA,-0.277980
ATC,TCG,-0.269199
ATC,TAT,-0.205776
ATC,TAC,-0.207151
ATC,TGT,-0.359627
ATC,TGC,-0.281839
ATC,TGG,-0.501105
ATC,CTT,0.417458
ATC,CTC,0.246982
ATC,CTA,-0.034434
ATC,CTG,-0.211696
ATC,CCT,0.029116
ATC,CCC,-0.059166
ATC,CCA,-0.136362
ATC,CCG,-0.238641
ATC,CAT,-0.031435
ATC,CAC,-0.025172
ATC,CAA,0.017370
ATC,CAG,-0.067038
ATC,CGT,0.144702
ATC,CGC,-0.052175
ATC,CGA,-0.210869
ATC,CGG,-0.190877
ATC,ATT,0.374773
ATC,ATC,0.509804
ATC,ATA,-0.015748
ATC,ATG,0.301093
ATC,ACT,0.239292
ATC,ACC,0.366328
ATC,ACA,0.060439
ATC,ACG,-0.130545
ATC,AAT,0.393765
ATC,AAC,0.479679
ATC,AAA,0.253499
ATC,AAG,0.469293
ATC,AGT,0.173482
ATC,AGC,0.253193
ATC,AGA,-0.133149
ATC,AGG,-0.255261
ATC,GTT,0.138416
ATC,GTC,0.163646
ATC,GTA,-0.141330
ATC,GTG,-0.193424
ATC,GCT,-0.243429
ATC,GCC,-0.106017
ATC,GCA,-0.289339
ATC,GCG,-0.512638
ATC,GAT,0.007515
ATC,GAC,-0.014882
ATC,GAA,-0.181769
ATC,GAG,-0.061961
ATC,GGT,0.021360
ATC,GGC,-0.004697
ATC,GGA,-0.309659
ATC,GGG,-0.323723
ATA,TTT,0.369274
ATA,TTC,0.170650
ATA,TTA,0.003733
ATA,TTG,-0.055805
ATA,TCT,0.329929
ATA,TCC,0.193232
ATA,TCA,0.202870
ATA,TCG,0.239773
ATA,TAT,0.255093
ATA,TAC,0.239902
ATA,TGT,0.269377
ATA,TGC,0.253159
ATA,TGG,0.284929
ATA,CTT,0.038488
ATA,CTC,-0.022377
ATA,CTA,0.184836
ATA,CTG,0.212239
ATA,CCT,-0.179257
ATA,CCC,0.022597
ATA,CCA,0.006541
ATA,CCG,0.260109
ATA,CAT,-0.156032
ATA,CAC,-0.134155
ATA,CAA,-0.095875
ATA,CAG,0.059651
ATA,CGT,-0.390223
ATA,CGC,-0.085657
ATA,CGA,0.091206
ATA,CGG,0.004449
ATA,ATT,0.008588
ATA,ATC,-0.059056
ATA,ATA,0.208235
ATA,ATG,0.046955
ATA,ACT,-0.115177
ATA,ACC,-0.038373
ATA,ACA,-0.076758
ATA,ACG,0.167576
ATA,AAT,0.118646
ATA,AAC,0.230720
ATA,AAA,0.340635
ATA,AAG,0.177935
ATA,AGT,-0.052024
ATA,AGC,-0.016008
ATA,AGA,-0.110439
ATA,AGG,0.109342
ATA,GTT,-0.260106
ATA,GTC,-0.272136
ATA,GTA,-0.075732
ATA,GTG,0.016738
ATA,GCT,-0.162993
ATA,GCC,-0.200341
ATA,GCA,-0.000621
ATA,GCG,0.032060
ATA,GAT,-0.224174
ATA,GAC,-0.079081
ATA,GAA,-0.153337
ATA,GAG,-0.018661
ATA,GGT,-0.436968
ATA,GGC,-0.243572
ATA,GGA,-0.091041
ATA,GGG,0.048926
ATG,TTT,0.111197
ATG,TTC,-0.216620
ATG,TTA,-0.434087
ATG,TTG,-0.327978
ATG,TCT,0.022100
ATG,TCC,-0.226831
ATG,TCA,-0.088889
ATG,TCG,0.246565
ATG,TAT,0.042429
ATG,TAC,0.004032
ATG,TGT,0.070287
ATG,TGC,-0.040858
ATG,TGG,0.029365
ATG,CTT,0.345198
ATG,CTC,0.150433
ATG,CTA,0.343687
ATG,CTG,0.460777
ATG,CCT,0.038608
ATG,CCC,-0.057885
ATG,CCA,0.061501
ATG,CCG,0.038837
ATG,CAT,-0.006487
ATG,CAC,0.117689
ATG,CAA,-0.004866
ATG,CAG,0.110099
ATG,CGT,0.058046
ATG,CGC,-0.024107
ATG,CGA,-0.029985
ATG,CGG,-0.007816
ATG,ATT,0.106351
ATG,ATC,-0.168988
ATG,ATA,-0.011524
ATG,ATG,0.029365
ATG,ACT,0.160627
ATG,ACC,-0.023285
ATG,ACA,0.025752
ATG,ACG,-0.475938
ATG,AAT,0.028991
ATG,AAC,0.030093
ATG,AAA,-0.009267
ATG,AAG,0.090816
ATG,AGT,0.185094
ATG,AGC,0.078336
ATG,AGA,0.048087
ATG,AGG,0.073063
ATG,GTT,0.030782
ATG,GTC,-0.209893
ATG,GTA,0.137060
ATG,GTG,0.112357
ATG,GCT,0.033607
ATG,GCC,-0.109068
ATG,GCA,0.066760
ATG,GCG,0.150813
ATG,GAT,0.047356
ATG,GAC,-0.015955
ATG,GAA,-0.039358
ATG,GAG,0.163040
ATG,GGT,0.042182
ATG,GGC,0.039127
ATG,GGA,-0.014464
ATG,GGG,0.101827
ACT,TTT,-0.112924
ACT,TTC,-0.115596
ACT,TTA,0.131853
ACT,TTG,0.145360
ACT,TCT,0.181095
ACT,TCC,0.071628
ACT,TCA,0.096616
ACT,TCG,0.073653
ACT,TAT,0.044681
ACT,TAC,0.017623
ACT,TGT,0.108022
ACT,TGC,0.154434
ACT,TGG,0.099442
ACT,CTT,-0.062310
ACT,CTC,-0.051629
ACT,CTA,-0.103667
ACT,CTG,-0.065989
ACT,CCT,0.206765
ACT,CCC,0.071821
ACT,CCA,-0.000293
ACT,CCG,-0.051645
ACT,CAT,0.110643
ACT,CAC,0.154296
ACT,CAA,0.123788
ACT,CAG,0.083628
ACT,CGT,0.297664
ACT,CGC,0.183851
ACT,CGA,0.067297
ACT,CGG,0.096721
ACT,ATT,-0.141641
ACT,ATC,-0.114506
ACT,ATA,-0.184389
ACT,ATG,-0.122286
ACT,ACT,0.110307
ACT,ACC,0.105907
ACT,ACA,-0.101758
ACT,ACG,-0.035151
ACT,AAT,-0.337558
ACT,AAC,-0.461678
ACT,AAA,-0.362886
ACT,AAG,-0.459788
ACT,AGT,0.233580
ACT,AGC,0.067974
ACT,AGA,-0.061881
ACT,AGG,0.060203
ACT,GTT,0.145346
ACT,GTC,0.107370
ACT,GTA,0.017999
ACT,GTG,0.051804
ACT,GCT,0.244688
ACT,GCC,0.170240
ACT,GCA,0.054957
ACT,GCG,0.103864
ACT,GAT,0.025367
ACT,GAC,-0.068419
ACT,GAA,0.032102
ACT,GAG,0.081614
ACT,GGT,0.325619
ACT,GGC,0.185390
ACT,GGA,0.095061
ACT,GGG,0.103405
ACC,TTT,-0.022599
ACC,TTC,-0.041925
ACC,TTA,-0.290639
ACC,TTG,-0.028527
ACC,TCT,0.009259
ACC,TCC,-0.119231
ACC,TCA,-0.134363
ACC,TCG,-0.047252
ACC,TAT,-0.067430
ACC,TAC,-0.125501
ACC,TGT,-0.212899
ACC,TGC,-0.214834
ACC,TGG,-0.329801
ACC,CTT,0.092294
ACC,CTC,-0.001287
ACC,CTA,-0.170323
ACC,CTG,-0.309693
ACC,CCT,-0.183249
ACC,CCC,-0.329912
ACC,CCA,-0.279527
ACC,CCG,-0.196041
ACC,CAT,-0.034600
ACC,CAC,-0.071440
ACC,CAA,0.046387
ACC,CAG,0.058905
ACC,CGT,-0.038429
ACC,CGC,-0.151453
ACC,CGA,-0.343032
ACC,CGG,-0.472429
ACC,ATT,0.323271
ACC,ATC,0.429506
ACC,ATA,0.031955
ACC,ATG,0.163393
ACC,ACT,0.266552
ACC,ACC,0.324407
ACC,ACA,-0.002203
ACC,ACG,-0.084866
ACC,AAT,0.179760
ACC,AAC,0.439204
ACC,AAA,0.231829
ACC,AAG,0.386666
ACC,AGT,0.181144
ACC,AGC,0.045859
ACC,AGA,0.182899
ACC,AGG,-0.107925
ACC,GTT,0.047148
ACC,GTC,0.164704
ACC,GTA,-0.157462
ACC,GTG,-0.147658
ACC,GCT,-0.056972
ACC,GCC,-0.134422
ACC,GCA,-0.382577
ACC,GCG,-0.446390
ACC,GAT,0.055754
ACC,GAC,0.190045
ACC,GAA,-0.064473
ACC,GAG,0.040286
ACC,GGT,0.165099
ACC,GGC,-0.085509
ACC,GGA,-0.412369
ACC,GGG,-0.360625
ACA,TTT,0.205843
ACA,TTC,0.151752
ACA,TTA,0.050756
ACA,TTG,0.062460
ACA,TCT,-0.033764
ACA,TCC,0.094917
ACA,TCA,-0.137777
ACA,TCG,-0.047253
ACA,TAT,0.086372
ACA,TAC,0.112696
ACA,TGT,0.109338
ACA,TGC,0.135538
ACA,TGG,0.184991
ACA,CTT,-0.013220
ACA,CTC,0.004469
ACA,CTA,-0.054309
ACA,CTG,0.037551
ACA,CCT,-0.014412
ACA,CCC,-0.109945
ACA,CCA,0.444911
ACA,CCG,0.195111
ACA,CAT,-0.087097
ACA,CAC,-0.076669
ACA,CAA,-0.106221
ACA,CAG,-0.080074
ACA,CGT,-0.619886
ACA,CGC,-0.351273
ACA,CGA,-0.158515
ACA,CGG,-0.118154
ACA,ATT,0.099584
ACA,ATC,-0.022736
ACA,ATA,0.065255
ACA,ATG,0.062811
ACA,ACT,-0.058971
ACA,ACC,-0.193004
ACA,ACA,-0.053164
ACA,ACG,0.176939
ACA,AAT,0.259916
ACA,AAC,0.221648
ACA,AAA,0.204386
ACA,AAG,0.173020
ACA,AGT,-0.058125
ACA,AGC,0.025603
ACA,AGA,0.317791
ACA,AGG,0.508001
ACA,GTT,-0.092495
ACA,GTC,-0.154006
ACA,GTA,-0.124192
ACA,GTG,0.040494
ACA,GCT,-0.078632
ACA,GCC,-0.166969
ACA,GCA,0.025190
ACA,GCG,0.066498
ACA,GAT,-0.025046
ACA,GAC,0.008734
ACA,GAA,0.014996
ACA,GAG,-0.036579
ACA,GGT,-0.318378
ACA,GGC,-0.193471
ACA,GGA,-0.019343
ACA,GGG,0.187277
ACG,TTT,0.285508
ACG,TTC,-0.132854
ACG,TTA,-0.011768
ACG,TTG,0.101950
ACG,TCT,-0.044397
ACG,TCC,-0.449203
ACG,TCA,-0.881845
ACG,TCG,-0.108120
ACG,TAT,0.086137
ACG,TAC,-0.077218
ACG,TGT,-0.206973
ACG,TGC,-0.222580
ACG,TGG,-0.123231
ACG,CTT,0.231675
ACG,CTC,0.010166
ACG,CTA,0.338767
ACG,CTG,0.490892
ACG,CCT,-0.081928
ACG,CCC,-0.376385
ACG,CCA,-0.228958
ACG,CCG,0.013950
ACG,CAT,0.074193
ACG,CAC,-0.070522
ACG,CAA,-0.078569
ACG,CAG,0.035600
ACG,CGT,-0.262151
ACG,CGC,-0.423704
ACG,CGA,-0.337272
ACG,CGG,-0.020832
ACG,ATT,0.084479
ACG,ATC,-0.087712
ACG,ATA,0.005160
ACG,ATG,0.200607
ACG,ACT,-0.096316
ACG,ACC,-0.286170
ACG,ACA,-0.091325
ACG,ACG,0.118258
ACG,AAT,0.286549
ACG,AAC,0.014535
ACG,AAA,0.363123
ACG,AAG,0.255530
ACG,AGT,0.017321
ACG,AGC,-0.142169
ACG,AGA,0.307939
ACG,AGG,0.345479
ACG,GTT,0.047523
ACG,GTC,-0.205553
ACG,GTA,0.132133
ACG,GTG,0.238201
ACG,GCT,-0.055289
ACG,GCC,-0.292151
ACG,GCA,-0.030511
ACG,GCG,0.360133
ACG,GAT,0.105580
ACG,GAC,0.134312
ACG,GAA,0.061308
ACG,GAG,0.225309
ACG,GGT,-0.362128
ACG,GGC,-0.080742
ACG,GGA,-0.061108
ACG,GGG,-0.146580
AAT,TTT,-0.046053
AAT,TTC,-0.019333
AAT,TTA,0.203247
AAT,TTG,0.130011
AAT,TCT,0.008794
AAT,TCC,0.121276
AAT,TCA,0.104239
AAT,TCG,0.003304
AAT,TAT,0.030576
AAT,TAC,0.041416
AAT,TGT,-0.019401
AAT,TGC,0.088569
AAT,TGG,0.027386
AAT,CTT,-0.115762
AAT,CTC,0.015821
AAT,CTA,-0.115554
AAT,CTG,-0.153574
AAT,CCT,0.054014
AAT,CCC,0.168667
AAT,CCA,0.117818
AAT,CCG,0.084849
AAT,CAT,0.032339
AAT,CAC,0.143510
AAT,CAA,0.067449
AAT,CAG,0.038482
AAT,CGT,0.023891
AAT,CGC,0.097156
AAT,CGA,0.246113
AAT,CGG,0.204824
AAT,ATT,-0.111295
AAT,ATC,-0.012054
AAT,ATA,-0.050183
AAT,ATG,-0.095726
AAT,ACT,-0.123599
AAT,ACC,0.036429
AAT,ACA,-0.027955
AAT,ACG,0.108760
AAT,AAT,-0.111891
AAT,AAC,-0.140985
AAT,AAA,-0.130893
AAT,AAG,-0.285124
AAT,AGT,-0.145086
AAT,AGC,-0.148140
AAT,AGA,-0.118938
AAT,AGG,-0.138274
AAT,GTT,0.068447
AAT,GTC,0.125030
AAT,GTA,-0.030495
AAT,GTG,0.146841
AAT,GCT,0.116700
AAT,GCC,0.277172
AAT,GCA,0.190428
AAT,GCG,0.309534
AAT,GAT,0.048498
AAT,GAC,0.161516
AAT,GAA,0.111721
AAT,GAG,0.069562
AAT,GGT,0.027990
AAT,GGC,0.171404
AAT,GGA,0.188705
AAT,GGG,0.343529
AAC,TTT,0.195635
AAC,TTC,0.020386
AAC,TTA,-0.156435
AAC,TTG,0.117579
AAC,TCT,0.030269
AAC,TCC,-0.082599
AAC,TCA,-0.047718
AAC,TCG,0.042512
AAC,TAT,0.008400
AAC,TAC,0.040717
AAC,TGT,0.045866
AAC,TGC,0.034024
AAC,TGG,0.033202
AAC,CTT,0.048507
AAC,CTC,0.013131
AAC,CTA,-0.103920
AAC,CTG,-0.045641
AAC,CCT,-0.146569
AAC,CCC,-0.060127
AAC,CCA,-0.119929
AAC,CCG,-0.029468
AAC,CAT,-0.045116
AAC,CAC,-0.034609
AAC,CAA,-0.038618
AAC,CAG,-0.013726
AAC,CGT,-0.009539
AAC,CGC,0.035911
AAC,CGA,-0.135331
AAC,CGG,-0.387748
AAC,ATT,0.217443
AAC,ATC,0.275355
AAC,ATA,0.116585
AAC,ATG,0.235254
AAC,ACT,0.114484
AAC,ACC,0.202418
AAC,ACA,0.206457
AAC,ACG,0.010072
AAC,AAT,0.247707
AAC,AAC,0.313165
AAC,AAA,0.367707
AAC,AAG,0.316710
AAC,AGT,0.320038
AAC,AGC,0.190000
AAC,AGA,0.188737
AAC,AGG,0.000201
AAC,GTT,0.074357
AAC,GTC,-0.091880
AAC,GTA,-0.294454
AAC,GTG,-0.171537
AAC,GCT,-0.352210
AAC,GCC,-0.320630
AAC,GCA,-0.394509
AAC,GCG,-0.439968
AAC,GAT,-0.081629
AAC,GAC,-0.087138
AAC,GAA,-0.105287
AAC,GAG,-0.154490
AAC,GGT,-0.186485
AAC,GGC,-0.186464
AAC,GGA,-0.286922
AAC,GGG,-0.238446
AAA,TTT,-0.001028
AAA,TTC,0.004388
AAA,TTA,-0.134951
AAA,TTG,-0.255995
AAA,TCT,-0.105594
AAA,TCC,-0.012460
AAA,TCA,0.102351
AAA,TCG,0.143437
AAA,TAT,0.025863
AAA,TAC,0.046010
AAA,TGT,0.124233
AAA,TGC,0.291411
AAA,TGG,0.237061
AAA,CTT,0.004171
AAA,CTC,0.073606
AAA,CTA,0.145813
AAA,CTG,0.180927
AAA,CCT,-0.229762
AAA,CCC,-0.059936
AAA,CCA,0.011265
AAA,CCG,0.235605
AAA,CAT,-0.248271
AAA,CAC,-0.168558
AAA,CAA,-0.194512
AAA,CAG,-0.056389
AAA,CGT,-0.424314
AAA,CGC,-0.177612
AAA,CGA,0.027343
AAA,CGG,0.197555
AAA,ATT,0.113328
AAA,ATC,0.131786
AAA,ATA,0.358323
AAA,ATG,0.133944
AAA,ACT,0.042323
AAA,ACC,0.130665
AAA,ACA,0.262086
AAA,ACG,0.168779
AAA,AAT,0.168345
AAA,AAC,0.115169
AAA,AAA,-0.165266
AAA,AAG,0.204698
AAA,AGT,0.315107
AAA,AGC,0.375396
AAA,AGA,0.240303
AAA,AGG,0.368526
AAA,GTT,0.001247
AAA,GTC,0.042267
AAA,GTA,0.005192
AAA,GTG,0.076902
AAA,GCT,-0.164336
AAA,GCC,-0.055589
AAA,GCA,0.188750
AAA,GCG,0.138576
AAA,GAT,-0.038041
AAA,GAC,0.097807
AAA,GAA,0.015360
AAA,GAG,0.019501
AAA,GGT,-0.143193
AAA,GGC,-0.027501
AAA,GGA,0.209694
AAA,GGG,0.239767
AAG,TTT,0.124446
AAG,TTC,-0.060331
AAG,TTA,-0.213110
AAG,TTG,-0.115405
AAG,TCT,-0.087103
AAG,TCC,-0.244077
AAG,TCA,-0.140772
AAG,TCG,0.048506
AAG,TAT,0.066445
AAG,TAC,-0.063642
AAG,TGT,-0.366852
AAG,TGC,-0.244775
AAG,TGG,-0.458399
AAG,CTT,0.378469
AAG,CTC,0.346877
AAG,CTA,0.455019
AAG,CTG,0.562641
AAG,CCT,0.172041
AAG,CCC,0.153237
AAG,CCA,0.223122
AAG,CCG,0.190395
AAG,CAT,0.300367
AAG,CAC,0.465797
AAG,CAA,0.302797
AAG,CAG,0.203291
AAG,CGT,0.224471
AAG,CGC,0.105678
AAG,CGA,0.052816
AAG,CGG,0.036067
AAG,ATT,-0.221902
AAG,ATC,-0.382774
AAG,ATA,-0.358272
AAG,ATG,-0.174433
AAG,ACT,-0.228552
AAG,ACC,-0.243980
AAG,ACA,-0.052878
AAG,ACG,-0.224724
AAG,AAT,-0.224049
AAG,AAC,-0.193147
AAG,AAA,-0.005110
AAG,AAG,0.237144
AAG,AGT,-0.083360
AAG,AGC,-0.072806
AAG,AGA,-0.025601
AAG,AGG,-0.235410
AAG,GTT,0.039019
AAG,GTC,0.102248
AAG,GTA,-0.047023
AAG,GTG,0.118767
AAG,GCT,0.086836
AAG,GCC,0.096872
AAG,GCA,0.101165
AAG,GCG,0.155013
AAG,GAT,0.100169
AAG,GAC,-0.002580
AAG,GAA,0.002604
AAG,GAG,0.145709
AAG,GGT,0.015550
AAG,GGC,-0.003953
AAG,GGA,0.022317
AAG,GGG,-0.009701
AGT,TTT,-0.071611
AGT,TTC,-0.066337
AGT,TTA,0.135438
AGT,TTG,0.115965
AGT,TCT,-0.121941
AGT,TCC,-0.213356
AGT,TCA,-0.002012
AGT,TCG,-0.223656
AGT,TAT,0.114183
AGT,TAC,-0.065520
AGT,TGT,0.163833
AGT,TGC,0.191752
AGT,TGG,0.104992
AGT,CTT,-0.035481
AGT,CTC,-0.113120
AGT,CTA,-0.066673
AGT,CTG,-0.078010
AGT,CCT,-0.044450
AGT,CCC,-0.045591
AGT,CCA,-0.053984
AGT,CCG,0.039751
AGT,CAT,0.109747
AGT,CAC,-0.010598
AGT,CAA,0.025247
AGT,CAG,0.005938
AGT,CGT,0.088386
AGT,CGC,0.014312
AGT,CGA,0.011547
AGT,CGG,0.319206
AGT,ATT,0.027005
AGT,ATC,0.092523
AGT,ATA,0.152644
AGT,ATG,0.088846
AGT,ACT,-0.025446
AGT,ACC,-0.186769
AGT,ACA,-0.100861
AGT,ACG,-0.054435
AGT,AAT,-0.190992
AGT,AAC,-0.347041
AGT,AAA,-0.107063
AGT,AAG,-0.574309
AGT,AGT,-0.197219
AGT,AGC,-0.102089
AGT,AGA,-0.087199
AGT,AGG,-0.112994
AGT,GTT,0.191920
AGT,GTC,0.203145
AGT,GTA,0.173869
AGT,GTG,0.213053
AGT,GCT,0.203653
AGT,GCC,0.139095
AGT,GCA,0.193384
AGT,GCG,0.069071
AGT,GAT,0.248940
AGT,GAC,0.148407
AGT,GAA,0.219217
AGT,GAG,-0.041059
AGT,GGT,0.323703
AGT,GGC,0.004484
AGT,GGA,0.410923
AGT,GGG,0.304257
AGC,TTT,0.066928
AGC,TTC,0.047569
AGC,TTA,-0.077663
AGC,TTG,-0.014814
AGC,TCT,0.041767
AGC,TCC,-0.159890
AGC,TCA,-0.076495
AGC,TCG,-0.126076
AGC,TAT,0.127861
AGC,TAC,0.154822
AGC,TGT,0.237158
AGC,TGC,0.083734
AGC,TGG,0.188888
AGC,CTT,-0.067354
AGC,CTC,-0.330195
AGC,CTA,-0.308646
AGC,CTG,-0.205378
AGC,CCT,-0.116662
AGC,CCC,-0.471871
AGC,CCA,-0.269862
AGC,CCG,-0.273889
AGC,CAT,0.055312
AGC,CAC,-0.295722
AGC,CAA,-0.191103
AGC,CAG,-0.125610
AGC,CGT,-0.051942
AGC,CGC,-0.153714
AGC,CGA,-0.173939
AGC,CGG,-0.250268
AGC,ATT,0.194703
AGC,ATC,0.378788
AGC,ATA,0.261927
AGC,ATG,0.218216
AGC,ACT,0.020285
AGC,ACC,-0.010359
AGC,ACA,0.107108
AGC,ACG,-0.140216
AGC,AAT,0.351381
AGC,AAC,0.287454
AGC,AAA,0.297173
AGC,AAG,0.263390
AGC,AGT,0.249213
AGC,AGC,0.272131
AGC,AGA,0.303945
AGC,AGG,0.132644
AGC,GTT,-0.017864
AGC,GTC,-0.111391
AGC,GTA,-0.032652
AGC,GTG,-0.172629
AGC,GCT,-0.185295
AGC,GCC,-0.191990
AGC,GCA,-0.320378
AGC,GCG,-0.609105
AGC,GAT,0.041565
AGC,GAC,-0.031770
AGC,GAA,-0.210311
AGC,GAG,-0.245543
AGC,GGT,0.009555
AGC,GGC,-0.017923
AGC,GGA,-0.154319
AGC,GGG,0.011943
AGA,TTT,0.074009
AGA,TTC,-0.321565
AGA,TTA,-0.210881
AGA,TTG,-0.319648
AGA,TCT,-0.406263
AGA,TCC,-0.356222
AGA,TCA,-0.187785
AGA,TCG,-0.193776
AGA,TAT,-0.020043
AGA,TAC,-0.083042
AGA,TGT,0.014151
AGA,TGC,0.068575
AGA,TGG,0.026559
AGA,CTT,-0.055860
AGA,CTC,-0.041314
AGA,CTA,0.222542
AGA,CTG,0.128170
AGA,CCT,-0.149438
AGA,CCC,-0.237832
AGA,CCA,0.031059
AGA,CCG,0.097600
AGA,CAT,-0.042342
AGA,CAC,0.047000
AGA,CAA,-0.158934
AGA,CAG,-0.012319
AGA,CGT,-0.448121
AGA,CGC,-0.263836
AGA,CGA,-0.188972
AGA,CGG,-0.106671
AGA,ATT,0.015341
AGA,ATC,0.004128
AGA,ATA,0.133308
AGA,ATG,0.043680
AGA,ACT,-0.110823
AGA,ACC,-0.114492
AGA,ACA,0.177952
AGA,ACG,0.274682
AGA,AAT,0.354413
AGA,AAC,0.255579
AGA,AAA,0.227850
AGA,AAG,0.259376
AGA,AGT,0.443015
AGA,AGC,0.598063
AGA,AGA,0.626163
AGA,AGG,0.637548
AGA,GTT,-0.162423
AGA,GTC,-0.267512
AGA,GTA,-0.032457
AGA,GTG,-0.183274
AGA,GCT,-0.086306
AGA,GCC,-0.079464
AGA,GCA,0.178082
AGA,GCG,0.063150
AGA,GAT,0.091602
AGA,GAC,0.118399
AGA,GAA,0.051498
AGA,GAG,-0.018456
AGA,GGT,-0.087226
AGA,GGC,-0.029518
AGA,GGA,0.078897
AGA,GGG,0.079029
AGG,TTT,0.189306
AGG,TTC,-0.109198
AGG,TTA,-0.153550
AGG,TTG,-0.183759
AGG,TCT,-0.114325
AGG,TCC,-0.063784
AGG,TCA,-0.027183
AGG,TCG,0.289426
AGG,TAT,-0.147654
AGG,TAC,-0.340515
AGG,TGT,-0.164633
AGG,TGC,-0.497111
AGG,TGG,-0.657532
AGG,CTT,0.302628
AGG,CTC,0.034116
AGG,CTA,0.402738
AGG,CTG,0.343688
AGG,CCT,-0.057099
AGG,CCC,-0.134013
AGG,CCA,0.072707
AGG,CCG,0.398435
AGG,CAT,0.352153
AGG,CAC,0.114453
AGG,CAA,-0.002867
AGG,CAG,0.228331
AGG,CGT,-0.302327
AGG,CGC,-0.403823
AGG,CGA,-0.253779
AGG,CGG,0.069230
AGG,ATT,0.144320
AGG,ATC,-0.163026
AGG,ATA,0.339508
AGG,ATG,-0.005435
AGG,ACT,0.147222
AGG,ACC,-0.322088
AGG,ACA,0.205910
AGG,ACG,0.247063
AGG,AAT,0.270116
AGG,AAC,0.034640
AGG,AAA,0.377357
AGG,AAG,0.257625
AGG,AGT,0.100631
AGG,AGC,0.117578
AGG,AGA,0.374755
AGG,AGG,0.175254
AGG,GTT,-0.105866
AGG,GTC,-0.375359
AGG,GTA,-0.078854
AGG,GTG,0.042424
AGG,GCT,-0.209209
AGG,GCC,-0.240768
AGG,GCA,-0.125650
AGG,GCG,0.109380
AGG,GAT,0.037042
AGG,GAC,-0.245186
AGG,GAA,-0.086354
AGG,GAG,-0.042116
AGG,GGT,-0.550555
AGG,GGC,-0.504297
AGG,GGA,-0.321115
AGG,GGG,-0.138386
GTT,TTT,-0.154016
GTT,TTC,0.103113
GTT,TTA,0.237775
GTT,TTG,0.271676
GTT,TCT,0.162923
GTT,TCC,0.275448
GTT,TCA,0.197484
GTT,TCG,0.065878
GTT,TAT,0.014419
GTT,TAC,0.157367
GTT,TGT,0.219697
GTT,TGC,0.175555
GTT,TGG,0.169553
GTT,CTT,-0.195199
GTT,CTC,-0.055196
GTT,CTA,-0.432507
GTT,CTG,-0.142107
GTT,CCT,0.167836
GTT,CCC,0.252725
GTT,CCA,-0.012274
GTT,CCG,-0.254651
GTT,CAT,0.083542
GTT,CAC,0.056148
GTT,CAA,0.088673
GTT,CAG,0.052148
GTT,CGT,0.414494
GTT,CGC,0.369854
GTT,CGA,0.222476
GTT,CGG,0.032695
GTT,ATT,-0.135902
GTT,ATC,-0.098843
GTT,ATA,-0.135349
GTT,ATG,-0.143782
GTT,ACT,0.003624
GTT,ACC,0.044588
GTT,ACA,0.009331
GTT,ACG,-0.059365
GTT,AAT,-0.359023
GTT,AAC,-0.323075
GTT,AAA,-0.288464
GTT,AAG,-0.317962
GTT,AGT,-0.204735
GTT,AGC,-0.212580
GTT,AGA,-0.468690
GTT,AGG,-0.624977
GTT,GTT,0.052900
GTT,GTC,0.060093
GTT,GTA,0.018226
GTT,GTG,-0.051640
GTT,GCT,0.215254
GTT,GCC,0.243646
GTT,GCA,0.084095
GTT,GCG,0.033508
GTT,GAT,0.029355
GTT,GAC,0.160283
GTT,GAA,0.078163
GTT,GAG,0.079736
GTT,GGT,0.224739
GTT,GGC,0.241017
GTT,GGA,0.087029
GTT,GGG,-0.040666
GTC,TTT,-0.014822
GTC,TTC,-0.067111
GTC,TTA,-0.267665
GTC,TTG,-0.164471
GTC,TCT,0.017022
GTC,TCC,0.068359
GTC,TCA,-0.104235
GTC,TCG,-0.154915
GTC,TAT,-0.227402
GTC,TAC,-0.049678
GTC,TGT,-0.112993
GTC,TGC,-0.306447
GTC,TGG,-0.491242
GTC,CTT,0.224238
GTC,CTC,0.059625
GTC,CTA,-0.301732
GTC,CTG,-0.464003
GTC,CCT,0.028333
GTC,CCC,0.132128
GTC,CCA,-0.217870
GTC,CCG,-0.297415
GTC,CAT,-0.114909
GTC,CAC,-0.250570
GTC,CAA,-0.187308
GTC,CAG,-0.316196
GTC,CGT,0.217670
GTC,CGC,0.036499
GTC,CGA,-0.116932
GTC,CGG,-0.448499
GTC,ATT,0.249143
GTC,ATC,0.338392
GTC,ATA,-0.085183
GTC,ATG,0.064381
GTC,ACT,0.259512
GTC,ACC,0.398595
GTC,ACA,0.088071
GTC,ACG,-0.084940
GTC,AAT,0.314059
GTC,AAC,0.432064
GTC,AAA,0.246278
GTC,AAG,0.387362
GTC,AGT,0.208595
GTC,AGC,0.100833
GTC,AGA,-0.426005
GTC,AGG,-0.491268
GTC,GTT,0.117566
GTC,GTC,0.202405
GTC,GTA,0.007042
GTC,GTG,-0.141966
GTC,GCT,-0.018882
GTC,GCC,0.122232
GTC,GCA,-0.261572
GTC,GCG,-0.165354
GTC,GAT,0.057416
GTC,GAC,0.064059
GTC,GAA,-0.110359
GTC,GAG,-0.001265
GTC,GGT,0.142410
GTC,GGC,0.091497
GTC,GGA,-0.371997
GTC,GGG,-0.327982
GTA,TTT,0.209926
GTA,TTC,0.108868
GTA,TTA,-0.094381
GTA,TTG,-0.001792
GTA,TCT,0.068299
GTA,TCC,0.017404
GTA,TCA,0.094909
GTA,TCG,0.205573
GTA,TAT,0.055812
GTA,TAC,0.078525
GTA,TGT,-0.106441
GTA,TGC,0.000406
GTA,TGG,0.203199
GTA,CTT,0.040619
GTA,CTC,0.187590
GTA,CTA,0.225663
GTA,CTG,0.191059
GTA,CCT,-0.000136
GTA,CCC,-0.067493
GTA,CCA,0.072072
GTA,CCG,0.346736
GTA,CAT,-0.004769
GTA,CAC,-0.231943
GTA,CAA,0.021094
GTA,CAG,0.116538
GTA,CGT,-0.307754
GTA,CGC,0.301173
GTA,CGA,0.140913
GTA,CGG,0.021712
GTA,ATT,0.194582
GTA,ATC,0.125291
GTA,ATA,0.224058
GTA,ATG,0.245723
GTA,ACT,0.020442
GTA,ACC,-0.004906
GTA,ACA,-0.024857
GTA,ACG,0.293290
GTA,AAT,0.185594
GTA,AAC,0.286487
GTA,AAA,0.179335
GTA,AAG,0.300392
GTA,AGT,-0.371146
GTA,AGC,0.009022
GTA,AGA,-0.289039
GTA,AGG,0.069538
GTA,GTT,-0.200475
GTA,GTC,-0.052350
GTA,GTA,0.126622
GTA,GTG,-0.005294
GTA,GCT,-0.143329
GTA,GCC,-0.119426
GTA,GCA,-0.047748
GTA,GCG,0.004617
GTA,GAT,-0.201741
GTA,GAC,-0.156996
GTA,GAA,-0.172103
GTA,GAG,-0.016305
GTA,GGT,-0.358066
GTA,GGC,-0.006231
GTA,GGA,-0.058091
GTA,GGG,-0.014534
GTG,TTT,0.258628
GTG,TTC,-0.062657
GTG,TTA,-0.200201
GTG,TTG,-0.062081
GTG,TCT,-0.200352
GTG,TCC,-0.459973
GTG,TCA,-0.162247
GTG,TCG,-0.346468
GTG,TAT,0.130366
GTG,TAC,-0.077429
GTG,TGT,-0.174299
GTG,TGC,-0.537715
GTG,TGG,-0.324845
GTG,CTT,0.123538
GTG,CTC,0.044565
GTG,CTA,0.476095
GTG,CTG,0.316840
GTG,CCT,-0.257362
GTG,CCC,-0.359784
GTG,CCA,-0.073085
GTG,CCG,0.003519
GTG,CAT,0.231308
GTG,CAC,0.057599
GTG,CAA,0.132561
GTG,CAG,0.008274
GTG,CGT,-0.035995
GTG,CGC,0.134685
GTG,CGA,0.098316
GTG,CGG,0.170526
GTG,ATT,0.066615
GTG,ATC,-0.040813
GTG,ATA,0.036538
GTG,ATG,0.158928
GTG,ACT,-0.235039
GTG,ACC,-0.329029
GTG,ACA,0.037211
GTG,ACG,-0.229710
GTG,AAT,0.242616
GTG,AAC,0.340316
GTG,AAA,0.273964
GTG,AAG,0.210420
GTG,AGT,-0.129896
GTG,AGC,-0.043148
GTG,AGA,-0.082067
GTG,AGG,-0.091267
GTG,GTT,0.091231
GTG,GTC,-0.126341
GTG,GTA,0.225729
GTG,GTG,0.146975
GTG,GCT,-0.162377
GTG,GCC,-0.213435
GTG,GCA,-0.265149
GTG,GCG,-0.898526
GTG,GAT,0.191631
GTG,GAC,-0.002104
GTG,GAA,0.202357
GTG,GAG,0.109483
GTG,GGT,-0.095768
GTG,GGC,0.013899
GTG,GGA,-0.205283
GTG,GGG,-0.214795
GCT,TTT,-0.190713
GCT,TTC,0.050224
GCT,TTA,0.192884
GCT,TTG,0.222273
GCT,TCT,0.158803
GCT,TCC,0.177774
GCT,TCA,0.074019
GCT,TCG,-0.100645
GCT,TAT,-0.044834
GCT,TAC,-0.036812
GCT,TGT,0.167515
GCT,TGC,0.053145
GCT,TGG,0.061366
GCT,CTT,-0.027598
GCT,CTC,0.091644
GCT,CTA,-0.242638
GCT,CTG,-0.308466
GCT,CCT,0.185441
GCT,CCC,0.197668
GCT,CCA,0.050629
GCT,CCG,-0.175980
GCT,CAT,0.050255
GCT,CAC,0.108301
GCT,CAA,0.166071
GCT,CAG,0.030996
GCT,CGT,0.385389
GCT,CGC,0.255070
GCT,CGA,-0.021095
GCT,CGG,-0.264113
GCT,ATT,-0.142214
GCT,ATC,-0.092307
GCT,ATA,-0.250852
GCT,ATG,-0.211849
GCT,ACT,0.180305
GCT,ACC,0.161595
GCT,ACA,-0.035916
GCT,ACG,-0.083622
GCT,AAT,-0.277480
GCT,AAC,-0.321981
GCT,AAA,-0.291131
GCT,AAG,-0.374449
GCT,AGT,-0.008691
GCT,AGC,-0.050762
GCT,AGA,-0.025802
GCT,AGG,-0.167131
GCT,GTT,0.118357
GCT,GTC,0.206175
GCT,GTA,0.000542
GCT,GTG,-0.134032
GCT,GCT,0.300795
GCT,GCC,0.259570
GCT,GCA,-0.116594
GCT,GCG,-0.092171
GCT,GAT,0.046670
GCT,GAC,0.000473
GCT,GAA,0.084784
GCT,GAG,-0.007491
GCT,GGT,0.333404
GCT,GGC,0.259766
GCT,GGA,0.101648
GCT,GGG,-0.106464
GCC,TTT,0.059807
GCC,TTC,-0.082047
GCC,TTA,-0.161305
GCC,TTG,-0.046944
GCC,TCT,0.072802
GCC,TCC,-0.088083
GCC,TCA,-0.304825
GCC,TCG,-0.187978
GCC,TAT,0.018351
GCC,TAC,0.013043
GCC,TGT,-0.091793
GCC,TGC,-0.188520
GCC,TGG,-0.187769
GCC,CTT,0.004204
GCC,CTC,-0.035159
GCC,CTA,-0.376352
GCC,CTG,-0.427852
GCC,CCT,-0.233743
GCC,CCC,-0.174040
GCC,CCA,-0.383906
GCC,CCG,-0.323300
GCC,CAT,0.068645
GCC,CAC,-0.220631
GCC,CAA,-0.088390
GCC,CAG,-0.220323
GCC,CGT,-0.028229
GCC,CGC,-0.242432
GCC,CGA,-0.309678
GCC,CGG,-0.632998
GCC,ATT,0.388104
GCC,ATC,0.446016
GCC,ATA,0.029707
GCC,ATG,0.250963
GCC,ACT,0.045279
GCC,ACC,0.024568
GCC,ACA,-0.381184
GCC,ACG,-0.174191
GCC,AAT,0.262910
GCC,AAC,0.413613
GCC,AAA,0.297578
GCC,AAG,0.577572
GCC,AGT,0.208129
GCC,AGC,0.064177
GCC,AGA,0.086435
GCC,AGG,-0.131097
GCC,GTT,0.097387
GCC,GTC,0.238413
GCC,GTA,-0.073860
GCC,GTG,-0.219153
GCC,GCT,-0.082346
GCC,GCC,-0.007313
GCC,GCA,-0.380615
GCC,GCG,-0.602893
GCC,GAT,0.104960
GCC,GAC,0.041041
GCC,GAA,-0.100998
GCC,GAG,0.002076
GCC,GGT,0.155065
GCC,GGC,-0.222899
GCC,GGA,-0.356280
GCC,GGG,-0.597356
GCA,TTT,0.204252
GCA,TTC,0.082545
GCA,TTA,0.049165
GCA,TTG,0.042122
GCA,TCT,0.081580
GCA,TCC,0.067877
GCA,TCA,-0.094035
GCA,TCG,-0.058810
GCA,TAT,0.109948
GCA,TAC,0.106504
GCA,TGT,-0.005320
GCA,TGC,0.029583
GCA,TGG,0.141135
GCA,CTT,-0.061679
GCA,CTC,-0.098056
GCA,CTA,-0.095996
GCA,CTG,-0.206291
GCA,CCT,0.122365
GCA,CCC,-0.063227
GCA,CCA,-0.002296
GCA,CCG,0.148461
GCA,CAT,-0.031483
GCA,CAC,-0.095903
GCA,CAA,-0.078169
GCA,CAG,-0.127885
GCA,CGT,-0.450186
GCA,CGC,-0.320678
GCA,CGA,-0.226245
GCA,CGG,-0.007205
GCA,ATT,0.164581
GCA,ATC,0.061251
GCA,ATA,-0.060873
GCA,ATG,0.202112
GCA,ACT,0.064249
GCA,ACC,-0.098674
GCA,ACA,0.095170
GCA,ACG,-0.055123
GCA,AAT,0.245455
GCA,AAC,0.199495
GCA,AAA,0.135918
GCA,AAG,0.249274
GCA,AGT,0.007336
GCA,AGC,0.072005
GCA,AGA,0.185853
GCA,AGG,0.440276
GCA,GTT,-0.121618
GCA,GTC,-0.082143
GCA,GTA,-0.064505
GCA,GTG,0.004268
GCA,GCT,-0.111629
GCA,GCC,-0.111183
GCA,GCA,0.037488
GCA,GCG,-0.067514
GCA,GAT,-0.054730
GCA,GAC,-0.012254
GCA,GAA,-0.011236
GCA,GAG,0.054928
GCA,GGT,-0.284825
GCA,GGC,-0.107663
GCA,GGA,-0.003211
GCA,GGG,-0.229888
GCG,TTT,0.347984
GCG,TTC,0.116684
GCG,TTA,0.084234
GCG,TTG,0.093319
GCG,TCT,0.025992
GCG,TCC,-0.126210
GCG,TCA,-0.428402
GCG,TCG,-0.035876
GCG,TAT,0.220562
GCG,TAC,0.069952
GCG,TGT,-0.200892
GCG,TGC,-0.125898
GCG,TGG,-0.103809
GCG,CTT,0.181765
GCG,CTC,0.179519
GCG,CTA,0.229151
GCG,CTG,0.433858
GCG,CCT,-0.030579
GCG,CCC,-0.316930
GCG,CCA,0.013142
GCG,CCG,0.023252
GCG,CAT,0.197439
GCG,CAC,-0.161952
GCG,CAA,0.053352
GCG,CAG,0.183635
GCG,CGT,-0.118598
GCG,CGC,-0.318741
GCG,CGA,-0.105607
GCG,CGG,-0.321551
GCG,ATT,0.020534
GCG,ATC,-0.343553
GCG,ATA,0.233265
GCG,ATG,0.112670
GCG,ACT,-0.140056
GCG,ACC,-0.419835
GCG,ACA,0.014320
GCG,ACG,0.034013
GCG,AAT,0.193879
GCG,AAC,0.093458
GCG,AAA,0.213945
GCG,AAG,0.108503
GCG,AGT,-0.321934
GCG,AGC,-0.278169
GCG,AGA,0.291233
GCG,AGG,0.235170
GCG,GTT,-0.047696
GCG,GTC,-0.089565
GCG,GTA,0.161512
GCG,GTG,0.190849
GCG,GCT,-0.169324
GCG,GCC,-0.223954
GCG,GCA,-0.110905
GCG,GCG,0.142550
GCG,GAT,0.110062
GCG,GAC,0.034722
GCG,GAA,0.145838
GCG,GAG,0.068133
GCG,GGT,-0.344349
GCG,GGC,-0.347430
GCG,GGA,-0.401718
GCG,GGG,-0.789104
GAT,TTT,-0.021738
GAT,TTC,0.022138
GAT,TTA,0.242832
GAT,TTG,0.268741
GAT,TCT,0.053496
GAT,TCC,0.068420
GAT,TCA,0.083079
GAT,TCG,-0.001420
GAT,TAT,0.061104
GAT,TAC,-0.054774
GAT,TGT,0.072463
GAT,TGC,0.084545
GAT,TGG,-0.020726
GAT,CTT,-0.250999
GAT,CTC,-0.050070
GAT,CTA,-0.412184
GAT,CTG,-0.298179
GAT,CCT,0.097402
GAT,CCC,0.203613
GAT,CCA,0.054053
GAT,CCG,-0.051572
GAT,CAT,0.014946
GAT,CAC,0.034969
GAT,CAA,0.008065
GAT,CAG,0.063501
GAT,CGT,0.072855
GAT,CGC,0.128913
GAT,CGA,0.060665
GAT,CGG,0.126401
GAT,ATT,-0.069546
GAT,ATC,0.034251
GAT,ATA,-0.049119
GAT,ATG,-0.038304
GAT,ACT,-0.054715
GAT,ACC,0.087740
GAT,ACA,0.040258
GAT,ACG,0.042942
GAT,AAT,-0.099733
GAT,AAC,-0.173266
GAT,AAA,-0.056676
GAT,AAG,-0.334415
GAT,AGT,-0.163237
GAT,AGC,-0.118633
GAT,AGA,-0.136933
GAT,AGG,-0.287394
GAT,GTT,0.130861
GAT,GTC,0.107550
GAT,GTA,-0.035662
GAT,GTG,0.020776
GAT,GCT,0.167840
GAT,GCC,0.230503
GAT,GCA,0.098648
GAT,GCG,0.205221
GAT,GAT,0.102391
GAT,GAC,-0.061803
GAT,GAA,0.091155
GAT,GAG,0.043479
GAT,GGT,0.051199
GAT,GGC,0.226721
GAT,GGA,0.128934
GAT,GGG,0.203486
GAC,TTT,0.200745
GAC,TTC,-0.132554
GAC,TTA,-0.136082
GAC,TTG,0.220534
GAC,TCT,0.030019
GAC,TCC,-0.040199
GAC,TCA,0.006389
GAC,TCG,-0.014067
GAC,TAT,0.028172
GAC,TAC,0.077629
GAC,TGT,0.069148
GAC,TGC,-0.446316
GAC,TGG,0.141984
GAC,CTT,0.007589
GAC,CTC,0.043952
GAC,CTA,-0.197344
GAC,CTG,-0.229262
GAC,CCT,-0.134196
GAC,CCC,-0.123531
GAC,CCA,-0.183172
GAC,CCG,-0.071048
GAC,CAT,0.023281
GAC,CAC,0.118970
GAC,CAA,0.049590
GAC,CAG,0.022066
GAC,CGT,0.042730
GAC,CGC,0.021945
GAC,CGA,-0.037564
GAC,CGG,-0.043042
GAC,ATT,0.237953
GAC,ATC,0.113226
GAC,ATA,0.115889
GAC,ATG,0.177511
GAC,ACT,0.082699
GAC,ACC,0.100619
GAC,ACA,0.039852
GAC,ACG,0.058310
GAC,AAT,0.301031
GAC,AAC,0.376824
GAC,AAA,0.353693
GAC,AAG,0.394091
GAC,AGT,0.298583
GAC,AGC,0.188532
GAC,AGA,0.294093
GAC,AGG,0.090166
GAC,GTT,0.061047
GAC,GTC,-0.258661
GAC,GTA,-0.418866
GAC,GTG,-0.129460
GAC,GCT,-0.401940
GAC,GCC,-0.435415
GAC,GCA,-0.464538
GAC,GCG,-0.260052
GAC,GAT,0.014575
GAC,GAC,-0.197333
GAC,GAA,-0.098646
GAC,GAG,-0.088306
GAC,GGT,-0.182806
GAC,GGC,-0.156594
GAC,GGA,-0.406204
GAC,GGG,-0.133028
GAA,TTT,0.008383
GAA,TTC,-0.137622
GAA,TTA,-0.137706
GAA,TTG,-0.124737
GAA,TCT,-0.153468
GAA,TCC,-0.062838
GAA,TCA,-0.003232
GAA,TCG,-0.021137
GAA,TAT,-0.054435
GAA,TAC,0.060400
GAA,TGT,0.080193
GAA,TGC,0.156924
GAA,TGG,0.151993
GAA,CTT,-0.082356
GAA,CTC,-0.066901
GAA,CTA,0.023609
GAA,CTG,0.080460
GAA,CCT,-0.207865
GAA,CCC,-0.006003
GAA,CCA,-0.041005
GAA,CCG,0.033222
GAA,CAT,-0.196328
GAA,CAC,-0.118412
GAA,CAA,-0.196871
GAA,CAG,-0.079194
GAA,CGT,-0.327463
GAA,CGC,-0.218277
GAA,CGA,-0.113552
GAA,CGG,0.024503
GAA,ATT,0.147779
GAA,ATC,0.044825
GAA,ATA,0.187723
GAA,ATG,0.101858
GAA,ACT,-0.010244
GAA,ACC,0.111418
GAA,ACA,0.171358
GAA,ACG,0.219419
GAA,AAT,0.110004
GAA,AAC,0.165118
GAA,AAA,-0.030526
GAA,AAG,0.118563
GAA,AGT,0.342367
GAA,AGC,0.473662
GAA,AGA,0.250095
GAA,AGG,0.429305
GAA,GTT,0.019334
GAA,GTC,0.067443
GAA,GTA,0.052472
GAA,GTG,0.032376
GAA,GCT,-0.006139
GAA,GCC,0.084787
GAA,GCA,0.172814
GAA,GCG,0.126862
GAA,GAT,-0.000315
GAA,GAC,0.122728
GAA,GAA,0.001908
GAA,GAG,0.100821
GAA,GGT,-0.051985
GAA,GGC,0.061329
GAA,GGA,0.188269
GAA,GGG,0.325541
GAG,TTT,0.235849
GAG,TTC,-0.122652
GAG,TTA,0.005710
GAG,TTG,0.043362
GAG,TCT,-0.082832
GAG,TCC,-0.110929
GAG,TCA,-0.042692
GAG,TCG,0.057254
GAG,TAT,0.125239
GAG,TAC,0.097049
GAG,TGT,-0.187641
GAG,TGC,-0.142867
GAG,TGG,-0.300369
GAG,CTT,0.429834
GAG,CTC,0.296059
GAG,CTA,0.487498
GAG,CTG,0.430247
GAG,CCT,0.297019
GAG,CCC,0.280535
GAG,CCA,0.178497
GAG,CCG,0.268151
GAG,CAT,0.375848
GAG,CAC,0.329879
GAG,CAA,0.339193
GAG,CAG,0.368330
GAG,CGT,0.261368
GAG,CGC,0.233127
GAG,CGA,-0.008075
GAG,CGG,-0.090136
GAG,ATT,-0.199445
GAG,ATC,-0.518852
GAG,ATA,-0.180026
GAG,ATG,-0.147257
GAG,ACT,-0.134545
GAG,ACC,-0.268654
GAG,ACA,-0.060386
GAG,ACG,-0.021670
GAG,AAT,-0.192468
GAG,AAC,-0.296296
GAG,AAA,-0.000669
GAG,AAG,0.085715
GAG,AGT,-0.049031
GAG,AGC,-0.044008
GAG,AGA,-0.039879
GAG,AGG,-0.091277
GAG,GTT,0.060763
GAG,GTC,-0.170036
GAG,GTA,-0.036652
GAG,GTG,0.122346
GAG,GCT,-0.072568
GAG,GCC,-0.107635
GAG,GCA,-0.003762
GAG,GCG,-0.157376
GAG,GAT,0.029118
GAG,GAC,-0.028688
GAG,GAA,0.005096
GAG,GAG,0.046953
GAG,GGT,-0.107173
GAG,GGC,-0.028681
GAG,GGA,-0.102676
GAG,GGG,-0.316151
GGT,TTT,-0.360653
GGT,TTC,-0.000740
GGT,TTA,0.112842
GGT,TTG,0.109111
GGT,TCT,-0.010539
GGT,TCC,-0.005556
GGT,TCA,-0.082050
GGT,TCG,-0.214956
GGT,TAT,0.024878
GGT,TAC,-0.095956
GGT,TGT,0.034097
GGT,TGC,-0.004119
GGT,TGG,-0.039603
GGT,CTT,0.110432
GGT,CTC,0.224010
GGT,CTA,-0.259970
GGT,CTG,-0.357192
GGT,CCT,0.133450
GGT,CCC,0.102992
GGT,CCA,-0.116098
GGT,CCG,-0.223486
GGT,CAT,0.057644
GGT,CAC,-0.049271
GGT,CAA,0.085497
GGT,CAG,-0.071445
GGT,CGT,0.330948
GGT,CGC,0.182072
GGT,CGA,-0.147652
GGT,CGG,-0.360950
GGT,ATT,-0.020708
GGT,ATC,0.134460
GGT,ATA,-0.168939
GGT,ATG,-0.116392
GGT,ACT,0.134455
GGT,ACC,0.150559
GGT,ACA,-0.132792
GGT,ACG,-0.235585
GGT,AAT,-0.269843
GGT,AAC,-0.243971
GGT,AAA,-0.223238
GGT,AAG,-0.560886
GGT,AGT,-0.039289
GGT,AGC,-0.029230
GGT,AGA,-0.276353
GGT,AGG,-0.441425
GGT,GTT,0.309769
GGT,GTC,0.477122
GGT,GTA,0.215988
GGT,GTG,0.037399
GGT,GCT,0.352730
GGT,GCC,0.481892
GGT,GCA,0.120334
GGT,GCG,-0.108485
GGT,GAT,0.166939
GGT,GAC,0.042266
GGT,GAA,0.165313
GGT,GAG,0.046738
GGT,GGT,0.505620
GGT,GGC,-0.142166
GGT,GGA,0.037728
GGT,GGG,-0.147786
GGC,TTT,-0.036039
GGC,TTC,0.034200
GGC,TTA,0.036594
GGC,TTG,0.009738
GGC,TCT,0.256943
GGC,TCC,0.278772
GGC,TCA,0.176756
GGC,TCG,0.078185
GGC,TAT,0.179472
GGC,TAC,0.175769
GGC,TGT,0.139180
GGC,TGC,-0.021139
GGC,TGG,0.015390
GGC,CTT,0.141908
GGC,CTC,0.062707
GGC,CTA,-0.290166
GGC,CTG,-0.401163
GGC,CCT,0.243848
GGC,CCC,0.168673
GGC,CCA,-0.012096
GGC,CCG,-0.159678
GGC,CAT,0.179402
GGC,CAC,-0.120701
GGC,CAA,-0.000059
GGC,CAG,0.063070
GGC,CGT,0.319245
GGC,CGC,0.223333
GGC,CGA,-0.212215
GGC,CGG,-0.225861
GGC,ATT,0.084097
GGC,ATC,0.002604
GGC,ATA,-0.052680
GGC,ATG,0.151151
GGC,ACT,0.092212
GGC,ACC,-0.120852
GGC,ACA,-0.159351
GGC,ACG,-0.336277
GGC,AAT,0.019450
GGC,AAC,0.021644
GGC,AAA,-0.140141
GGC,AAG,0.093038
GGC,AGT,0.273245
GGC,AGC,0.252415
GGC,AGA,-0.020616
GGC,AGG,-0.211728
GGC,GTT,0.042206
GGC,GTC,-0.027639
GGC,GTA,-0.000259
GGC,GTG,-0.216053
GGC,GCT,-0.059189
GGC,GCC,0.009924
GGC,GCA,-0.212945
GGC,GCG,-0.358910
GGC,GAT,0.027881
GGC,GAC,-0.043712
GGC,GAA,-0.075750
GGC,GAG,-0.011338
GGC,GGT,0.072619
GGC,GGC,0.040614
GGC,GGA,-0.418652
GGC,GGG,-0.630541
GGA,TTT,0.217105
GGA,TTC,0.066516
GGA,TTA,-0.088370
GGA,TTG,-0.049537
GGA,TCT,-0.156759
GGA,TCC,-0.076580
GGA,TCA,-0.159400
GGA,TCG,-0.081244
GGA,TAT,0.024216
GGA,TAC,-0.044305
GGA,TGT,0.070041
GGA,TGC,0.102565
GGA,TGG,0.197031
GGA,CTT,-0.136544
GGA,CTC,-0.198186
GGA,CTA,-0.121408
GGA,CTG,-0.066695
GGA,CCT,-0.083305
GGA,CCC,-0.033634
GGA,CCA,-0.029274
GGA,CCG,0.071726
GGA,CAT,-0.109731
GGA,CAC,-0.052131
GGA,CAA,-0.113560
GGA,CAG,-0.059511
GGA,CGT,-0.203786
GGA,CGC,-0.354173
GGA,CGA,-0.322143
GGA,CGG,-0.283926
GGA,ATT,0.110824
GGA,ATC,0.020958
GGA,ATA,0.100641
GGA,ATG,0.163471
GGA,ACT,0.102521
GGA,ACC,-0.059006
GGA,ACA,0.130896
GGA,ACG,0.218661
GGA,AAT,0.355718
GGA,AAC,0.263049
GGA,AAA,0.326244
GGA,AAG,0.303428
GGA,AGT,0.488257
GGA,AGC,0.469033
GGA,AGA,0.464918
GGA,AGG,0.451015
GGA,GTT,-0.385521
GGA,GTC,-0.356533
GGA,GTA,-0.255918
GGA,GTG,-0.335522
GGA,GCT,-0.264636
GGA,GCC,-0.144409
GGA,GCA,-0.148983
GGA,GCG,-0.257770
GGA,GAT,-0.138242
GGA,GAC,-0.047282
GGA,GAA,-0.009270
GGA,GAG,-0.110811
GGA,GGT,-0.131192
GGA,GGC,-0.065194
GGA,GGA,0.019795
GGA,GGG,-0.048794
GGG,TTT,0.584722
GGG,TTC,0.278926
GGG,TTA,0.203250
GGG,TTG,0.183610
GGG,TCT,-0.144771
GGG,TCC,-0.343494
GGG,TCA,-0.136821
GGG,TCG,-0.037485
GGG,TAT,0.141283
GGG,TAC,-0.203721
GGG,TGT,-0.124211
GGG,TGC,-0.500529
GGG,TGG,-0.351409
GGG,CTT,0.366485
GGG,CTC,0.244560
GGG,CTA,0.469546
GGG,CTG,0.415635
GGG,CCT,0.180729
GGG,CCC,-0.118063
GGG,CCA,-0.042076
GGG,CCG,0.110777
GGG,CAT,0.277734
GGG,CAC,0.233563
GGG,CAA,0.330528
GGG,CAG,0.399413
GGG,CGT,-0.149728
GGG,CGC,-0.193405
GGG,CGA,-0.132564
GGG,CGG,-0.070370
GGG,ATT,0.047103
GGG,ATC,-0.386906
GGG,ATA,0.150545
GGG,ATG,-0.103464
GGG,ACT,-0.012764
GGG,ACC,-0.531432
GGG,ACA,-0.036126
GGG,ACG,0.067128
GGG,AAT,0.058944
GGG,AAC,-0.211567
GGG,AAA,0.420735
GGG,AAG,0.147490
GGG,AGT,-0.225507
GGG,AGC,-0.470757
GGG,AGA,0.246216
GGG,AGG,0.090197
GGG,GTT,-0.166396
GGG,GTC,-0.552598
GGG,GTA,-0.013248
GGG,GTG,0.016949
GGG,GCT,-0.432513
GGG,GCC,-0.623141
GGG,GCA,-0.309588
GGG,GCG,-0.382086
GGG,GAT,0.043974
GGG,GAC,0.021656
GGG,GAA,-0.086352
GGG,GAG,-0.033137
GGG,GGT,-0.613660
GGG,GGC,-0.668641
GGG,GGA,-0.390642
GGG,GGG,-0.367768
